-- phpMyAdmin SQL Dump
-- version 4.9.0.1
-- https://www.phpmyadmin.net/
--
-- Host: 127.0.0.1
-- Tempo de geração: 09-Ago-2020 às 11:15
-- Versão do servidor: 10.3.15-MariaDB
-- versão do PHP: 7.3.6

SET SQL_MODE = "NO_AUTO_VALUE_ON_ZERO";
SET AUTOCOMMIT = 0;
START TRANSACTION;
SET time_zone = "+00:00";


/*!40101 SET @OLD_CHARACTER_SET_CLIENT=@@CHARACTER_SET_CLIENT */;
/*!40101 SET @OLD_CHARACTER_SET_RESULTS=@@CHARACTER_SET_RESULTS */;
/*!40101 SET @OLD_COLLATION_CONNECTION=@@COLLATION_CONNECTION */;
/*!40101 SET NAMES utf8mb4 */;

--
-- Banco de dados: `api_moz`
--

-- --------------------------------------------------------

--
-- Estrutura da tabela `bairros`
--

CREATE TABLE `bairros` (
  `id` int(10) UNSIGNED NOT NULL,
  `nome` varchar(255) COLLATE utf8mb4_unicode_ci NOT NULL,
  `localidade_id` int(10) UNSIGNED NOT NULL
) ENGINE=InnoDB DEFAULT CHARSET=utf8mb4 COLLATE=utf8mb4_unicode_ci;

--
-- Extraindo dados da tabela `bairros`
--

INSERT INTO `bairros` (`id`, `nome`, `localidade_id`) VALUES
(1, 'Albazine', 1),
(2, '3 De Fevereiro', 1),
(3, 'Costa Do Sol', 1),
(4, 'Ferroviario', 1),
(5, 'Fplm', 1),
(6, 'Hulene B', 1),
(7, 'Hulene-A', 1),
(8, 'Laulane', 1),
(9, 'Mahotas', 1),
(10, 'Mavalane A', 1),
(11, 'Mavalane B', 1),
(12, 'Alto Mae A', 2),
(13, 'Alto Mae B', 2),
(14, 'Central A', 2),
(15, 'Central B', 2),
(16, 'Central C', 2),
(17, 'Coop', 2),
(18, 'Malhangalene A', 2),
(19, 'Malhangalene B', 2),
(20, 'Polana Cimento A', 2),
(21, 'Polana Cimento B', 2),
(22, 'Sommerschield', 2),
(23, '25 De Junho A', 3),
(24, '25 De Junho B', 3),
(25, 'Bagamoio', 3),
(26, 'George Dimitrov', 3),
(27, 'Inhagoia A', 3),
(28, 'Inhagoia B', 3),
(29, 'Jardim', 3),
(30, 'Luis Cabral', 3),
(31, 'Magoanine A', 3),
(32, 'Magoanine B', 3),
(33, 'Magoanine C', 3),
(34, 'Malhazine', 3),
(35, 'Nsalene', 3),
(36, 'Zimpeto', 3),
(37, 'Mafalala', 4),
(38, 'Maxaquene A', 4),
(39, 'Maxaquene B', 4),
(40, 'Maxaquene C', 4),
(41, 'Maxaquene D', 4),
(42, 'Polana Caniço A', 4),
(43, 'Polana Caniço B', 4),
(44, 'Urbanizacao', 4),
(45, 'Inguane', 5),
(46, 'Nhaquene', 5),
(47, 'Ridzene', 5),
(48, 'Chali', 6),
(49, 'Chamissava', 6),
(50, 'Guachene', 6),
(51, 'Incassane', 6),
(52, 'Inguide', 6),
(53, 'Aeroporto A', 7),
(54, 'Aeroporto B', 7),
(55, 'Chamanculo A', 7),
(56, 'Chamanculo B', 7),
(57, 'Chamanculo C', 7),
(58, 'Chamanculo D', 7),
(59, 'Malanga', 7),
(60, 'Minkadjuine', 7),
(61, 'Munhuana', 7),
(62, 'Unidade 7', 7),
(63, 'Xipamanine', 7),
(64, 'Nao Aplicavel', 8),
(65, 'Nao Aplicavel', 9),
(66, 'Nao Aplicavel', 10),
(67, 'Nao Aplicavel', 11),
(68, 'Nao Aplicavel', 12),
(69, '1 De Maio', 13),
(70, 'Acordos De Lusaka', 13),
(71, 'Boquisso A', 13),
(72, 'Boquisso B', 13),
(73, 'Infulene D', 13),
(74, 'Intaca', 13),
(75, 'Khongolote', 13),
(76, 'Mali', 13),
(77, 'Mucatine', 13),
(78, 'Muhalaze', 13),
(79, 'Ndlavela', 13),
(80, 'Ngolhosa', 13),
(81, 'T3', 13),
(82, 'Vale De Infulene', 13),
(83, 'Zona Verde', 13),
(84, 'Bunhica', 14),
(85, 'Infulene A', 14),
(86, 'Km 15', 14),
(87, 'Machava Sede', 14),
(88, 'Matlhemele', 14),
(89, 'Matola Gare', 14),
(90, 'Nkobe', 14),
(91, 'Patrice Lumumba', 14),
(92, 'Sao Damaso', 14),
(93, 'Siduava', 14),
(94, 'Singathela', 14),
(95, 'Trevo', 14),
(96, 'Tsalala', 14),
(97, 'Uamatibjane', 14),
(98, 'Cikwama', 15),
(99, 'Fomento', 15),
(100, 'Liberdade', 15),
(101, 'Malhampsene', 15),
(102, 'Matola A', 15),
(103, 'Matola B', 15),
(104, 'Matola C', 15),
(105, 'Matola D', 15),
(106, 'Matola F', 15),
(107, 'Matola G', 15),
(108, 'Matola H', 15),
(109, 'Matola J', 15),
(110, 'Mussumbuluco', 15),
(111, 'Nao Aplicavel', 16),
(112, 'Nao Aplicavel', 17),
(113, 'Nao Aplicavel', 18),
(114, 'Nao Aplicavel', 19),
(115, 'Nao Aplicavel', 20),
(116, 'Nao Aplicavel', 21),
(117, 'Nao Aplicavel', 22),
(118, 'Nao Aplicavel', 23),
(119, 'Nao Aplicavel', 24),
(120, 'Nao Aplicavel', 25),
(121, 'Nao Aplicavel', 26),
(122, 'Nao Aplicavel', 27),
(123, 'Nao Aplicavel', 28),
(124, 'Nao Aplicavel', 29),
(125, 'Nao Aplicavel', 30),
(126, 'Nao Aplicavel', 31),
(127, 'Nao Aplicavel', 32),
(128, 'Nao Aplicavel', 33),
(129, 'Nao Aplicavel', 34),
(130, 'Nao Aplicavel', 35),
(131, 'Nao Aplicavel', 36),
(132, 'Nao Aplicavel', 37),
(133, 'Nao Aplicavel', 38),
(134, 'Nao Aplicavel', 39),
(135, 'Nao Aplicavel', 40),
(136, 'Nao Aplicavel', 41),
(137, 'Nao Aplicavel', 42),
(138, 'Nao Aplicavel', 43),
(139, 'Nao Aplicavel', 44),
(140, 'Nao Aplicavel', 45),
(141, 'Nao Aplicavel', 46),
(142, 'Nao Aplicavel', 47),
(143, 'Nao Aplicavel', 48),
(144, 'Nao Aplicavel', 49),
(145, 'Nao Aplicavel', 50),
(146, 'Nao Aplicavel', 51),
(147, 'Nao Aplicavel', 52),
(148, 'Nao Aplicavel', 53),
(149, 'Nao Aplicavel', 54),
(150, 'Nao Aplicavel', 55),
(151, 'Nao Aplicavel', 56),
(152, 'Nao Aplicavel', 57),
(153, 'Nao Aplicavel', 58),
(154, 'Nao Aplicavel', 59),
(155, 'Nao Aplicavel', 60),
(156, 'Nao Aplicavel', 61),
(157, 'Nao Aplicavel', 62),
(158, 'Nao Aplicavel', 63),
(159, 'Nao Aplicavel', 64),
(160, 'Nao Aplicavel', 65),
(161, 'Nao Aplicavel', 66),
(162, 'Nao Aplicavel', 67),
(163, 'Nao Aplicavel', 68),
(164, 'Nao Aplicavel', 69);

-- --------------------------------------------------------

--
-- Estrutura da tabela `distritos`
--

CREATE TABLE `distritos` (
  `id` int(10) UNSIGNED NOT NULL,
  `nome` varchar(255) COLLATE utf8mb4_unicode_ci NOT NULL,
  `provincia_id` int(10) UNSIGNED NOT NULL
) ENGINE=InnoDB DEFAULT CHARSET=utf8mb4 COLLATE=utf8mb4_unicode_ci;

--
-- Extraindo dados da tabela `distritos`
--

INSERT INTO `distritos` (`id`, `nome`, `provincia_id`) VALUES
(1, 'Kampfumo', 10),
(2, 'Kamubukwana', 10),
(3, 'Kamaxakeni', 10),
(4, 'Kamavota', 10),
(5, 'Kanyaka', 10),
(6, 'Katembe', 10),
(7, 'Nlhamankulu', 10),
(8, 'Boane', 11),
(9, 'Cidade da Matola', 11),
(10, 'Magude', 11),
(11, 'Manhiça', 11),
(12, 'Marracuene', 11),
(13, 'Matutuine', 11),
(14, 'Moamba', 11),
(15, 'Namaacha', 11);

-- --------------------------------------------------------

--
-- Estrutura da tabela `localidades`
--

CREATE TABLE `localidades` (
  `id` int(10) UNSIGNED NOT NULL,
  `nome` varchar(255) COLLATE utf8mb4_unicode_ci NOT NULL,
  `posto_id` int(10) UNSIGNED NOT NULL
) ENGINE=InnoDB DEFAULT CHARSET=utf8mb4 COLLATE=utf8mb4_unicode_ci;

--
-- Extraindo dados da tabela `localidades`
--

INSERT INTO `localidades` (`id`, `nome`, `posto_id`) VALUES
(1, 'Nao Aplicavel', 1),
(2, 'Nao Aplicavel', 2),
(3, 'Nao Aplicavel', 3),
(4, 'Nao Aplicavel', 4),
(5, 'Nao Aplicavel', 5),
(6, 'Nao Aplicavel', 6),
(7, 'Nao Aplicavel', 7),
(8, 'Vila de Boane', 8),
(9, 'Gueguegue', 8),
(10, 'Eduardo Mondlane', 8),
(11, 'Matola Rio-Sede', 9),
(12, 'Mulotana', 9),
(13, 'Nao Aplicavel', 10),
(14, 'Nao Aplicavel', 11),
(15, 'Nao Aplicavel', 12),
(16, 'Capitine', 13),
(17, 'Chichuco', 13),
(18, 'Chicutso', 13),
(19, 'Chivonguine', 13),
(20, 'Inhongane', 13),
(21, 'Macubulane', 13),
(22, 'Maguiguana', 13),
(23, 'Mahel Sede', 13),
(24, 'Mapulanguene-Sede', 13),
(25, 'Marule', 13),
(26, 'Matchabe', 13),
(27, 'Matsandzane', 13),
(28, 'Moine', 13),
(29, 'Motaze Sede', 13),
(30, 'Mulelemane', 13),
(31, 'Mwambjana', 13),
(32, 'Panjane Sede', 13),
(33, 'Pontia', 13),
(34, 'Vila de Magude', 13),
(35, 'Chicutso', 14),
(36, 'Mahel Sede', 14),
(37, 'Capitine', 15),
(38, 'Mapulanguene-Sede', 15),
(39, 'Matsandzane', 15),
(40, 'Marule', 16),
(41, 'Motaze Sede', 16),
(42, 'Mwambjana', 16),
(43, 'Pontia', 16),
(44, 'Chivonguine', 17),
(45, 'Panjane Sede', 17),
(46, '3 de Fevereiro', 18),
(47, 'Manchiana', 18),
(48, 'Nwamatibyane', 18),
(49, 'Taninga', 18),
(50, 'Checua', 19),
(51, 'Chichongue', 19),
(52, 'Lagoa Pate', 19),
(53, 'Maguiguana', 20),
(54, 'Nzonguene', 20),
(55, 'Maluana Sede', 21),
(56, 'Monguine', 21),
(57, 'Maciana', 22),
(58, 'Vila de Manhica', 22),
(59, '25 de Setembro', 23),
(60, 'Eduardo Mondlane', 23),
(61, 'Vila de Xinavane', 23),
(62, 'Machubo Sede', 24),
(63, 'Thaula', 24),
(64, 'Macaneta', 25),
(65, 'Marracuene Sede', 25),
(66, 'Matalane (Nhomgonhane)', 25),
(67, 'Michafutene', 25),
(68, 'Ngalundi', 25),
(69, 'Vila de Marracuene', 25);

-- --------------------------------------------------------

--
-- Estrutura da tabela `postos`
--

CREATE TABLE `postos` (
  `id` int(10) UNSIGNED NOT NULL,
  `nome` varchar(255) COLLATE utf8mb4_unicode_ci NOT NULL,
  `distrito_id` int(10) UNSIGNED NOT NULL
) ENGINE=InnoDB DEFAULT CHARSET=utf8mb4 COLLATE=utf8mb4_unicode_ci;

--
-- Extraindo dados da tabela `postos`
--

INSERT INTO `postos` (`id`, `nome`, `distrito_id`) VALUES
(1, 'Nao Aplicavel', 4),
(2, 'Nao Aplicavel', 1),
(3, 'Nao Aplicavel', 2),
(4, 'Nao Aplicavel', 3),
(5, 'Nao Aplicavel', 5),
(6, 'Nao Aplicavel', 6),
(7, 'Nao Aplicavel', 7),
(8, 'Boane-Sede', 8),
(9, 'Matola Rio', 8),
(10, 'Infulene', 9),
(11, 'Machava', 9),
(12, 'Matola Cidade', 9),
(13, 'Magude Sede', 10),
(14, 'Mahel', 10),
(15, 'Mapulanguene', 10),
(16, 'Motaze', 10),
(17, 'Panjane', 10),
(18, '3 de Fevereiro', 11),
(19, 'Calanga', 11),
(20, 'Ilha Josina Machel', 11),
(21, 'Maluana', 11),
(22, 'Manhica Sede', 11),
(23, 'Xinavane', 11),
(24, 'Machubo', 12),
(25, 'Marracuene', 12);

-- --------------------------------------------------------

--
-- Estrutura da tabela `provincias`
--

CREATE TABLE `provincias` (
  `id` int(10) UNSIGNED NOT NULL,
  `nome` varchar(255) COLLATE utf8mb4_unicode_ci NOT NULL,
  `regiao_id` int(10) UNSIGNED NOT NULL
) ENGINE=InnoDB DEFAULT CHARSET=utf8mb4 COLLATE=utf8mb4_unicode_ci;

--
-- Extraindo dados da tabela `provincias`
--

INSERT INTO `provincias` (`id`, `nome`, `regiao_id`) VALUES
(1, 'Nampula', 1),
(2, 'Cabo Delgado', 1),
(3, 'Niassa', 1),
(4, 'Zambézia', 1),
(5, 'Manica', 1),
(6, 'Tete', 2),
(7, 'Sofala', 2),
(8, 'Gaza', 2),
(9, 'Inhambane', 3),
(10, 'Maputo Cidade', 3),
(11, 'Maputo Provincia', 3);

-- --------------------------------------------------------

--
-- Estrutura da tabela `quarteiroes`
--

CREATE TABLE `quarteiroes` (
  `bairro_id` int(10) UNSIGNED NOT NULL,
  `nome` varchar(255) COLLATE utf8mb4_unicode_ci NOT NULL,
  `id` int(10) UNSIGNED NOT NULL
) ENGINE=InnoDB DEFAULT CHARSET=utf8mb4 COLLATE=utf8mb4_unicode_ci;

--
-- Extraindo dados da tabela `quarteiroes`
--

INSERT INTO `quarteiroes` (`bairro_id`, `nome`, `id`) VALUES
(2, 'Quarteirao 10', 2),
(2, 'Quarteirao 11', 3),
(2, 'Quarteirao 12', 4),
(2, 'Quarteirao 13', 5),
(2, 'Quarteirao 14', 6),
(2, 'Quarteirao 15', 7),
(2, 'Quarteirao 16', 8),
(2, 'Quarteirao 17', 9),
(2, 'Quarteirao 18', 10),
(2, 'Quarteirao 19', 11),
(2, 'Quarteirao 2', 12),
(2, 'Quarteirao 20', 13),
(2, 'Quarteirao 21', 14),
(2, 'Quarteirao 22', 15),
(2, 'Quarteirao 24', 16),
(2, 'Quarteirao 25', 17),
(2, 'Quarteirao 26', 18),
(2, 'Quarteirao 27', 19),
(2, 'Quarteirao 28', 20),
(2, 'Quarteirao 3', 21),
(2, 'Quarteirao 30', 22),
(2, 'Quarteirao 31', 23),
(2, 'Quarteirao 32', 24),
(2, 'Quarteirao 33', 25),
(2, 'Quarteirao 34', 26),
(2, 'Quarteirao 35', 27),
(2, 'Quarteirao 36', 28),
(2, 'Quarteirao 37', 29),
(2, 'Quarteirao 38', 30),
(2, 'Quarteirao 39', 31),
(2, 'Quarteirao 4', 32),
(2, 'Quarteirao 40', 33),
(2, 'Quarteirao 41', 34),
(2, 'Quarteirao 42', 35),
(2, 'Quarteirao 43', 36),
(2, 'Quarteirao 44', 37),
(2, 'Quarteirao 45', 38),
(2, 'Quarteirao 46', 39),
(2, 'Quarteirao 47', 40),
(2, 'Quarteirao 48', 41),
(2, 'Quarteirao 49', 42),
(2, 'Quarteirao 5', 43),
(2, 'Quarteirao 50', 44),
(2, 'Quarteirao 51', 45),
(2, 'Quarteirao 52', 46),
(2, 'Quarteirao 53', 47),
(2, 'Quarteirao 54', 48),
(2, 'Quarteirao 55', 49),
(2, 'Quarteirao 56', 50),
(2, 'Quarteirao 57', 51),
(2, 'Quarteirao 58', 52),
(2, 'Quarteirao 59', 53),
(2, 'Quarteirao 6', 54),
(2, 'Quarteirao 60', 55),
(2, 'Quarteirao 7', 56),
(2, 'Quarteirao 8', 57),
(2, 'Quarteirao 9', 58),
(2, 'Quarteirao 1', 59),
(1, 'Quarteirao 1', 60),
(1, 'Quarteirao 2', 61),
(1, 'Quarteirao 3', 62),
(1, 'Quarteirao 4', 63),
(1, 'Quarteirao 5', 64),
(1, 'Quarteirao 6', 65),
(1, 'Quarteirao 7', 66),
(1, 'Quarteirao 8', 67),
(1, 'Quarteirao 9', 68),
(1, 'Quarteirao 10', 69),
(1, 'Quarteirao 11', 70),
(1, 'Quarteirao 12', 71),
(1, 'Quarteirao 13', 72),
(1, 'Quarteirao 14', 73),
(1, 'Quarteirao 15', 74),
(1, 'Quarteirao 16', 75),
(1, 'Quarteirao 17', 76),
(1, 'Quarteirao 18', 77),
(1, 'Quarteirao 19', 78),
(1, 'Quarteirao 20', 79),
(1, 'Quarteirao 21', 80),
(1, 'Quarteirao 22', 81),
(3, 'Quarteirao 1', 82),
(3, 'Quarteirao 2', 83),
(3, 'Quarteirao 3', 84),
(3, 'Quarteirao 4', 85),
(3, 'Quarteirao 5', 86),
(3, 'Quarteirao 6', 87),
(3, 'Quarteirao 7', 88),
(3, 'Quarteirao 8', 89),
(3, 'Quarteirao 9', 90),
(3, 'Quarteirao 10', 91),
(3, 'Quarteirao 11', 92),
(3, 'Quarteirao 12', 93),
(3, 'Quarteirao 13', 94),
(3, 'Quarteirao 14', 95),
(3, 'Quarteirao 15', 96),
(3, 'Quarteirao 16', 97),
(3, 'Quarteirao 17', 98),
(3, 'Quarteirao 18', 99),
(3, 'Quarteirao 19', 100),
(3, 'Quarteirao 20', 101),
(3, 'Quarteirao 21', 102),
(3, 'Quarteirao 22', 103),
(3, 'Quarteirao 23', 104),
(3, 'Quarteirao 24', 105),
(3, 'Quarteirao 25', 106),
(3, 'Quarteirao 26 Xefina Pequena', 107),
(3, 'Quarteirao 27', 108),
(3, 'Quarteirao 28 Xefina Grande', 109),
(3, 'Quarteirao 29', 110),
(3, 'Quarteirao 30', 111),
(3, 'Quarteirao 31', 112),
(3, 'Quarteirao 32', 113),
(3, 'Quarteirao 33', 114),
(3, 'Quarteirao 34', 115),
(3, 'Quarteirao 35', 116),
(3, 'Quarteirao 36', 117),
(3, 'Quarteirao 37', 118),
(3, 'Quarteirao 38', 119),
(3, 'Quarteirao 39', 120),
(3, 'Quarteirao 40', 121),
(3, 'Quarteirao 41', 122),
(3, 'Quarteirao 42', 123),
(3, 'Quarteirao 43', 124),
(3, 'Quarteirao 44', 125),
(3, 'Quarteirao 45', 126),
(3, 'Quarteirao 46', 127),
(3, 'Quarteirao 47', 128),
(3, 'Quarteirao 48', 129),
(3, 'Quarteirao 49', 130),
(3, 'Quarteirao 50', 131),
(3, 'Quarteirao 51', 132),
(3, 'Quarteirao 52', 133),
(3, 'Quarteirao 53', 134),
(3, 'Quarteirao 54', 135),
(3, 'Quarteirao 55', 136),
(3, 'Quarteirao 56', 137),
(3, 'Quarteirao 57', 138),
(3, 'Quarteirao 58', 139),
(3, 'Quarteirao 59', 140),
(3, 'Quarteirao 60', 141),
(3, 'Quarteirao 61', 142),
(3, 'Quarteirao 62', 143),
(3, 'Quarteirao 63', 144),
(3, 'Quarteirao 64', 145),
(3, 'Quarteirao 65', 146),
(3, 'Quarteirao 66', 147),
(3, 'Quarteirao 67', 148),
(3, 'Quarteirao 68', 149),
(3, 'Quarteirao 69', 150),
(3, 'Quarteirao 70', 151),
(3, 'Quarteirao 71', 152),
(3, 'Quarteirao 72', 153),
(3, 'Quarteirao 73', 154),
(3, 'Quarteirao 74', 155),
(3, 'Quarteirao 75', 156),
(3, 'Quarteirao 76', 157),
(3, 'Quarteirao 77', 158),
(3, 'Quarteirao 78', 159),
(3, 'Quarteirao 79', 160),
(3, 'Quarteirao 80', 161),
(3, 'Quarteirao 81', 162),
(3, 'Quarteirao 82', 163),
(3, 'Quarteirao 83', 164),
(3, 'Quarteirao 84', 165),
(3, 'Quarteirao 85', 166),
(3, 'Quarteirao 86 Casa Jovem', 167),
(3, 'Quarteirao 87', 168),
(4, 'Quarteirao 37 E', 169),
(4, 'Quarteirao 34 E', 170),
(4, 'Quarteirao 32 E', 171),
(4, 'Quarteirao 37 D', 172),
(4, 'Quarteirao 32 D', 173),
(4, 'Quarteirao 79 C', 174),
(4, 'Quarteirao 74 C', 175),
(4, 'Quarteirao 67 C', 176),
(4, 'Quarteirao 56 C', 177),
(4, 'Quarteirao 52 C', 178),
(4, 'Quarteirao 50 C', 179),
(4, 'Quarteirao 48 C', 180),
(4, 'Quarteirao 4 C', 181),
(4, 'Quarteirao 37 C', 182),
(4, 'Quarteirao 34 C', 183),
(4, 'Quarteirao 32 C', 184),
(4, 'Quarteirao 31 C', 185),
(4, 'Quarteirao 96 B', 186),
(4, 'Quarteirao 94 B', 187),
(4, 'Quarteirao 90 B', 188),
(4, 'Quarteirao 81 B', 189),
(4, 'Quarteirao 79 B', 190),
(4, 'Quarteirao 75 B', 191),
(4, 'Quarteirao 74 B', 192),
(4, 'Quarteirao 73 B', 193),
(4, 'Quarteirao 70 B', 194),
(4, 'Quarteirao 7 B', 195),
(4, 'Quarteirao 68 B', 196),
(4, 'Quarteirao 67 B', 197),
(4, 'Quarteirao 66 B', 198),
(4, 'Quarteirao 64 B', 199),
(4, 'Quarteirao 62 B', 200),
(4, 'Quarteirao 61 B', 201),
(4, 'Quarteirao 56 B', 202),
(4, 'Quarteirao 53 B', 203),
(4, 'Quarteirao 52 B', 204),
(4, 'Quarteirao 51 B', 205),
(4, 'Quarteirao 50 B', 206),
(4, 'Quarteirao 48 B', 207),
(4, 'Quarteirao 44 B', 208),
(4, 'Quarteirao 4 B', 209),
(4, 'Quarteirao 37 B', 210),
(4, 'Quarteirao 34 B', 211),
(4, 'Quarteirao 33 B', 212),
(4, 'Quarteirao 32 B', 213),
(4, 'Quarteirao 31 B', 214),
(4, 'Quarteirao 96 A', 215),
(4, 'Quarteirao 94 A', 216),
(4, 'Quarteirao 90 A', 217),
(4, 'Quarteirao 81 A', 218),
(4, 'Quarteirao 79 A', 219),
(4, 'Quarteirao 75 A', 220),
(4, 'Quarteirao 74 A', 221),
(4, 'Quarteirao 73 A', 222),
(4, 'Quarteirao 70 A', 223),
(4, 'Quarteirao 7 A', 224),
(4, 'Quarteirao 69 A', 225),
(4, 'Quarteirao 68 A', 226),
(4, 'Quarteirao 67 A', 227),
(4, 'Quarteirao 66 A', 228),
(4, 'Quarteirao 62 A', 229),
(4, 'Quarteirao 56 A', 230),
(4, 'Quarteirao 53 A', 231),
(4, 'Quarteirao 52 A', 232),
(4, 'Quarteirao 51 A', 233),
(4, 'Quarteirao 50 A', 234),
(4, 'Quarteirao 48 A', 235),
(4, 'Quarteirao 47 A', 236),
(4, 'Quarteirao 47 B', 237),
(4, 'Quarteirao 44 A', 238),
(4, 'Quarteirao 4 A', 239),
(4, 'Quarteirao 37 A', 240),
(4, 'Quarteirao 33 A', 241),
(4, 'Quarteirao 32 A', 242),
(4, 'Quarteirao 31 A', 243),
(4, 'Quarteirao  61 A', 244),
(4, 'Quarteirao 1', 245),
(4, 'Quarteirao 2', 246),
(4, 'Quarteirao 3', 247),
(4, 'Quarteirao 10', 248),
(4, 'Quarteirao 11', 249),
(4, 'Quarteirao 12', 250),
(4, 'Quarteirao 13', 251),
(4, 'Quarteirao 14', 252),
(4, 'Quarteirao 15', 253),
(4, 'Quarteirao 16', 254),
(4, 'Quarteirao 17', 255),
(4, 'Quarteirao 18', 256),
(4, 'Quarteirao 19', 257),
(4, 'Quarteirao 20', 258),
(4, 'Quarteirao 21', 259),
(4, 'Quarteirao 22', 260),
(4, 'Quarteirao 23', 261),
(4, 'Quarteirao 24', 262),
(4, 'Quarteirao 25', 263),
(4, 'Quarteirao 26', 264),
(4, 'Quarteirao 27', 265),
(4, 'Quarteirao 28', 266),
(4, 'Quarteirao 29 A', 267),
(4, 'Quarteirao 29 B', 268),
(4, 'Quarteirao 29 C', 269),
(4, 'Quarteirao 30', 270),
(4, 'Quarteirao 31', 271),
(4, 'Quarteirao 32', 272),
(4, 'Quarteirao 34', 273),
(4, 'Quarteirao 35 A', 274),
(4, 'Quarteirao 35 B', 275),
(4, 'Quarteirao 36', 276),
(4, 'Quarteirao 37', 277),
(4, 'Quarteirao 38', 278),
(4, 'Quarteirao 39', 279),
(4, 'Quarteirao 40', 280),
(4, 'Quarteirao 41', 281),
(4, 'Quarteirao 42', 282),
(4, 'Quarteirao 43', 283),
(4, 'Quarteirao 45', 284),
(4, 'Quarteirao 46', 285),
(4, 'Quarteirao 49', 286),
(4, 'Quarteirao 5', 287),
(4, 'Quarteirao 52', 288),
(4, 'Quarteirao 54', 289),
(4, 'Quarteirao 55', 290),
(4, 'Quarteirao 57', 291),
(4, 'Quarteirao 58', 292),
(4, 'Quarteirao 59', 293),
(4, 'Quarteirao 6', 294),
(4, 'Quarteirao 60', 295),
(4, 'Quarteirao 64', 296),
(4, 'Quarteirao 65', 297),
(4, 'Quarteirao 69', 298),
(4, 'Quarteirao 71', 299),
(4, 'Quarteirao 72', 300),
(4, 'Quarteirao 76', 301),
(4, 'Quarteirao 77', 302),
(4, 'Quarteirao 8', 303),
(4, 'Quarteirao 80', 304),
(4, 'Quarteirao 82', 305),
(4, 'Quarteirao 83', 306),
(4, 'Quarteirao 84', 307),
(4, 'Quarteirao 85', 308),
(4, 'Quarteirao 86', 309),
(4, 'Quarteirao 87', 310),
(4, 'Quarteirao 88', 311),
(4, 'Quarteirao 89', 312),
(4, 'Quarteirao 9', 313),
(4, 'Quarteirao 91', 314),
(4, 'Quarteirao 92', 315),
(4, 'Quarteirao 93', 316),
(4, 'Quarteirao 95', 317),
(4, 'Quarteirao 97', 318),
(4, 'Quarteirao 98', 319),
(5, 'Quarteirao 1', 320),
(5, 'Quarteirao 2', 321),
(5, 'Quarteirao 3', 322),
(5, 'Quarteirao 4', 323),
(5, 'Quarteirao 5', 324),
(5, 'Quarteirao 6', 325),
(5, 'Quarteirao 7', 326),
(5, 'Quarteirao 8', 327),
(5, 'Quarteirao 9', 328),
(5, 'Quarteirao 10', 329),
(5, 'Quarteirao 11', 330),
(5, 'Quarteirao 12', 331),
(5, 'Quarteirao 13', 332),
(5, 'Quarteirao 14', 333),
(5, 'Quarteirao 15', 334),
(5, 'Quarteirao 16', 335),
(5, 'Quarteirao 17', 336),
(5, 'Quarteirao 18', 337),
(5, 'Quarteirao 19', 338),
(5, 'Quarteirao 20', 339),
(5, 'Quarteirao 21', 340),
(5, 'Quarteirao 22', 341),
(5, 'Quarteirao 23', 342),
(5, 'Quarteirao 24', 343),
(5, 'Quarteirao 25', 344),
(5, 'Quarteirao 26', 345),
(5, 'Quarteirao 27', 346),
(5, 'Quarteirao 28', 347),
(5, 'Quarteirao 29', 348),
(6, 'Quarteirao 1', 349),
(6, 'Quarteirao 2', 350),
(6, 'Quarteirao 3', 351),
(6, 'Quarteirao 4', 352),
(6, 'Quarteirao 5', 353),
(6, 'Quarteirao 6', 354),
(6, 'Quarteirao 7', 355),
(6, 'Quarteirao 8', 356),
(6, 'Quarteirao 9', 357),
(6, 'Quarteirao 10', 358),
(6, 'Quarteirao 11', 359),
(6, 'Quarteirao 12', 360),
(6, 'Quarteirao 13', 361),
(6, 'Quarteirao 14', 362),
(6, 'Quarteirao 15', 363),
(6, 'Quarteirao 16', 364),
(6, 'Quarteirao 17', 365),
(6, 'Quarteirao 18', 366),
(6, 'Quarteirao 19', 367),
(6, 'Quarteirao 20', 368),
(6, 'Quarteirao 21', 369),
(6, 'Quarteirao 22', 370),
(6, 'Quarteirao 23', 371),
(6, 'Quarteirao 24', 372),
(6, 'Quarteirao 25', 373),
(6, 'Quarteirao 26', 374),
(6, 'Quarteirao 27', 375),
(6, 'Quarteirao 28', 376),
(6, 'Quarteirao 29', 377),
(6, 'Quarteirao 30', 378),
(6, 'Quarteirao 31', 379),
(6, 'Quarteirao 32', 380),
(6, 'Quarteirao 33', 381),
(6, 'Quarteirao 34', 382),
(6, 'Quarteirao 35', 383),
(6, 'Quarteirao 36', 384),
(6, 'Quarteirao 37', 385),
(6, 'Quarteirao 38', 386),
(6, 'Quarteirao 39', 387),
(6, 'Quarteirao 40', 388),
(6, 'Quarteirao 41', 389),
(6, 'Quarteirao 42', 390),
(6, 'Quarteirao 43', 391),
(6, 'Quarteirao 44', 392),
(6, 'Quarteirao 45', 393),
(6, 'Quarteirao 46', 394),
(6, 'Quarteirao 47', 395),
(6, 'Quarteirao 48', 396),
(6, 'Quarteirao 49', 397),
(6, 'Quarteirao 50', 398),
(6, 'Quarteirao 51', 399),
(6, 'Quarteirao 52', 400),
(6, 'Quarteirao 53', 401),
(6, 'Quarteirao 54', 402),
(6, 'Quarteirao 55', 403),
(6, 'Quarteirao 56', 404),
(6, 'Quarteirao 57', 405),
(6, 'Quarteirao 58', 406),
(6, 'Quarteirao 59', 407),
(6, 'Quarteirao 60', 408),
(6, 'Quarteirao 61', 409),
(6, 'Quarteirao 62', 410),
(6, 'Quarteirao 63', 411),
(6, 'Quarteirao 64', 412),
(6, 'Quarteirao 65', 413),
(6, 'Quarteirao 66', 414),
(6, 'Quarteirao 67', 415),
(6, 'Quarteirao 68', 416),
(6, 'Quarteirao 69', 417),
(6, 'Quarteirao 70', 418),
(6, 'Quarteirao 71', 419),
(6, 'Quarteirao 72', 420),
(6, 'Quarteirao 73', 421),
(6, 'Quarteirao 74', 422),
(6, 'Quarteirao 75', 423),
(6, 'Quarteirao 76', 424),
(6, 'Quarteirao 77', 425),
(6, 'Quarteirao 78', 426),
(6, 'Quarteirao 79', 427),
(6, 'Quarteirao 80', 428),
(6, 'Quarteirao 81', 429),
(6, 'Quarteirao 82', 430),
(6, 'Quarteirao 83', 431),
(6, 'Quarteirao 84', 432),
(6, 'Quarteirao 85', 433),
(6, 'Quarteirao 86', 434),
(6, 'Quarteirao 87', 435),
(6, 'Quarteirao 88', 436),
(6, 'Quarteirao 89', 437),
(6, 'Quarteirao 90', 438),
(6, 'Quarteirao 91', 439),
(6, 'Quarteirao 92', 440),
(6, 'Quarteirao 93', 441),
(6, 'Quarteirao 94', 442),
(6, 'Quarteirao 95', 443),
(6, 'Quarteirao 96', 444),
(6, 'Quarteirao 97', 445),
(6, 'Quarteirao 98', 446),
(6, 'Quarteirao 99', 447),
(6, 'Quarteirao 100', 448),
(6, 'Quarteirao 101', 449),
(6, 'Quarteirao 102', 450),
(6, 'Quarteirao 103', 451),
(6, 'Quarteirao 104', 452),
(6, 'Quarteirao 105', 453),
(6, 'Quarteirao 106', 454),
(6, 'Quarteirao 107', 455),
(6, 'Quarteirao 108', 456),
(6, 'Quarteirao 109', 457),
(6, 'Quarteirao 110', 458),
(6, 'Quarteirao 111', 459),
(6, 'Quarteirao 112', 460),
(6, 'Quarteirao 113', 461),
(6, 'Quarteirao 114', 462),
(6, 'Quarteirao 115', 463),
(6, 'Quarteirao 116', 464),
(6, 'Quarteirao 117', 465),
(6, 'Quarteirao 118', 466),
(6, 'Quarteirao 119', 467),
(6, 'Quarteirao 120', 468),
(6, 'Quarteirao 121', 469),
(6, 'Quarteirao 122', 470),
(6, 'Quarteirao 123', 471),
(6, 'Quarteirao 124', 472),
(6, 'Quarteirao 125', 473),
(6, 'Quarteirao 126', 474),
(6, 'Quarteirao 127', 475),
(6, 'Quarteirao 128', 476),
(6, 'Quarteirao 129', 477),
(6, 'Quarteirao 130', 478),
(6, 'Quarteirao 131', 479),
(6, 'Quarteirao 132', 480),
(6, 'Quarteirao 133', 481),
(6, 'Quarteirao 134', 482),
(6, 'Quarteirao 135', 483),
(6, 'Quarteirao 136', 484),
(6, 'Quarteirao 137', 485),
(6, 'Quarteirao 138', 486),
(6, 'Quarteirao 139', 487),
(6, 'Quarteirao 140', 488),
(6, 'Quarteirao 141', 489),
(7, 'Quarteirao 1', 490),
(7, 'Quarteirao 2', 491),
(7, 'Quarteirao 3', 492),
(7, 'Quarteirao 4', 493),
(7, 'Quarteirao 5', 494),
(7, 'Quarteirao 6', 495),
(7, 'Quarteirao 7', 496),
(7, 'Quarteirao 8 B', 497),
(7, 'Quarterao 9', 498),
(7, 'Quarteirao 10', 499),
(7, 'Quarteirao 11', 500),
(7, 'Quarteirao 12', 501),
(7, 'Quarteirao 13', 502),
(7, 'Quarteirao 14', 503),
(7, 'Quarteirao 15', 504),
(7, 'Quarteirao 16', 505),
(7, 'Quarteirao 17', 506),
(7, 'Quarteirao 18', 507),
(7, 'Quarteirao 19', 508),
(7, 'Quarteirao 20', 509),
(7, 'Quarteirao 21', 510),
(7, 'Quarteirao 22', 511),
(7, 'Quarteirao 23', 512),
(7, 'Quarteirao 24', 513),
(7, 'Quarteirao 25', 514),
(7, 'Quarteirao 26', 515),
(7, 'Quarteirao 27', 516),
(7, 'Quarteirao 28', 517),
(7, 'Quarteirao 29', 518),
(7, 'Quarteirao 30', 519),
(7, 'Quarteirao 31', 520),
(7, 'Quarteirao 32', 521),
(7, 'Quarteirao 33', 522),
(7, 'Quarteirao 34', 523),
(7, 'Quarteirao 35', 524),
(7, 'Quarteirao 36', 525),
(7, 'Quarteirao 37', 526),
(7, 'Quarteirao 38', 527),
(7, 'Quarteirao 39', 528),
(7, 'Quarteirao 40', 529),
(7, 'Quarteirao 41', 530),
(7, 'Quarteirao 42', 531),
(7, 'Quarteirao 43', 532),
(7, 'Quarteirao 44', 533),
(7, 'Quarteirao 45', 534),
(7, 'Quarteirao 46', 535),
(7, 'Quarteirao 47 B', 536),
(7, 'Quarteirao 48 C', 537),
(7, 'Quarteirao 49 B', 538),
(7, 'Quarteirao 51', 539),
(7, 'Quarteirao 52', 540),
(7, 'Quarteirao 53', 541),
(7, 'Quarteirao 54', 542),
(7, 'Quarteirao 55', 543),
(7, 'Quarteirao 59', 544),
(7, 'Quarteirao 60', 545),
(7, 'Quarteirao 61', 546),
(7, 'Quarteirao 63', 547),
(7, 'Quarteirao 64 A', 548),
(7, 'Quarteirao 65 A', 549),
(7, 'Quarteirao 66', 550),
(7, 'Quarteirao 67', 551),
(7, 'Quarteirao 64 B', 552),
(7, 'Quarteirao 65 B', 553),
(7, 'Quarteirao 49 A', 554),
(7, 'Quarteirao 47 A', 555),
(7, 'Quarteirao 47 C', 556),
(7, 'Quarteirao 48 A', 557),
(7, 'Quarteirao 57 A', 558),
(7, 'Quarteirao 57 B', 559),
(7, 'Quarteirao 57 C', 560),
(7, 'Quarteirao 58 A', 561),
(7, 'Quarteirao 58 B', 562),
(7, 'Quarteirao 8 A', 563),
(7, 'Quarteirao 56 A', 564),
(7, 'Quarteirao 56 B', 565),
(7, 'Quarteirao 48 B', 566),
(7, 'Quarteirao 50 A', 567),
(7, 'Quarteirao 50 B', 568),
(8, 'Quarteirao 1', 569),
(8, 'Quarteirao 10', 570),
(8, 'Quarteirao 10A', 571),
(8, 'Quarteirao 11', 572),
(8, 'Quarteirao 12', 573),
(8, 'Quarteirao 13', 574),
(8, 'Quarteirao 14', 575),
(8, 'Quarteirao 15', 576),
(8, 'Quarteirao 16', 577),
(8, 'Quarteirao 17', 578),
(8, 'Quarteirao 18', 579),
(8, 'Quarteirao 19', 580),
(8, 'Quarteirao 1A', 581),
(8, 'Quarteirao 1B', 582),
(8, 'Quarteirao 1C', 583),
(8, 'Quarteirao 1D', 584),
(8, 'Quarteirao 2', 585),
(8, 'Quarteirao 20', 586),
(8, 'Quarteirao 21', 587),
(8, 'Quarteirao 22', 588),
(8, 'Quarteirao 23', 589),
(8, 'Quarteirao 23A', 590),
(8, 'Quarteirao 23A', 591),
(8, 'Quarteirao 24', 592),
(8, 'Quarteirao 25', 593),
(8, 'Quarteirao 26', 594),
(8, 'Quarteirao 27', 595),
(8, 'Quarteirao 27A', 596),
(8, 'Quarteirao 28', 597),
(8, 'Quarteirao 29', 598),
(8, 'Quarteirao 3', 599),
(8, 'Quarteirao 30', 600),
(8, 'Quarteirao 31', 601),
(8, 'Quarteirao 32', 602),
(8, 'Quarteirao 32A', 603),
(8, 'Quarteirao 33', 604),
(8, 'Quarteirao 34', 605),
(8, 'Quarteirao 35', 606),
(8, 'Quarteirao 36', 607),
(8, 'Quarteirao 37', 608),
(8, 'Quarteirao 38', 609),
(8, 'Quarteirao 39', 610),
(8, 'Quarteirao 4', 611),
(8, 'Quarteirao 40', 612),
(8, 'Quarteirao 41', 613),
(8, 'Quarteirao 42', 614),
(8, 'Quarteirao 43', 615),
(8, 'Quarteirao 44', 616),
(8, 'Quarteirao 45', 617),
(8, 'Quarteirao 46', 618),
(8, 'Quarteirao 47', 619),
(8, 'Quarteirao 48', 620),
(8, 'Quarteirao 49', 621),
(8, 'Quarteirao 5', 622),
(8, 'Quarteirao 50', 623),
(8, 'Quarteirao 51', 624),
(8, 'Quarteirao 51A', 625),
(8, 'Quarteirao 51B', 626),
(8, 'Quarteirao 51C', 627),
(8, 'Quarteirao 52', 628),
(8, 'Quarteirao 52A', 629),
(8, 'Quarteirao 52B', 630),
(8, 'Quarteirao 53', 631),
(8, 'Quarteirao 53A', 632),
(8, 'Quarteirao 54', 633),
(8, 'Quarteirao 55', 634),
(8, 'Quarteirao 56', 635),
(8, 'Quarteirao 57', 636),
(8, 'Quarteirao 58', 637),
(8, 'Quarteirao 59', 638),
(8, 'Quarteirao 6', 639),
(8, 'Quarteirao 60', 640),
(8, 'Quarteirao 7', 641),
(8, 'Quarteirao 8', 642),
(8, 'Quarteirao 9', 643),
(9, 'Quarteirao 2', 644),
(9, 'Quarteirao 3', 645),
(9, 'Quarteirao 4', 646),
(9, 'Quarteirao 5', 647),
(9, 'Quarteirao 6', 648),
(9, 'Quarteirao  6', 649),
(9, 'Quarteirao 7', 650),
(9, 'Quarteirao 8', 651),
(9, 'Quarteirao 9', 652),
(9, 'Quarteirao 10', 653),
(9, 'Quarteirao 11', 654),
(9, 'Quarteirao 12', 655),
(9, 'Quarteirao 13', 656),
(9, 'Quarteirao 14', 657),
(9, 'Quarteirao 15', 658),
(9, 'Quarteirao 16', 659),
(9, 'Quarteirao 17', 660),
(9, 'Quarteirao 18', 661),
(9, 'Quarteirao 19', 662),
(9, 'Quarteirao 20', 663),
(9, 'Quarteirao 21', 664),
(9, 'Quarteirao  21', 665),
(9, 'Quarteirao 22', 666),
(9, 'Quarteirao 23', 667),
(9, 'Quarteirao 24', 668),
(10, 'Quarteirao  1', 669),
(10, 'Quarteirao  2', 670),
(10, 'Quarteirao  3', 671),
(10, 'Quarteirao  4', 672),
(10, 'Quarteirao  5', 673),
(10, 'Quarteirao  6', 674),
(10, 'Quarteirao  7', 675),
(10, 'Quarteirao  8', 676),
(10, 'Quarteirao  9', 677),
(10, 'Quarteirao  10', 678),
(10, 'Quarteirao  11', 679),
(10, 'Quarteirao  12', 680),
(10, 'Quarteirao  13', 681),
(10, 'Quarteirao  14', 682),
(10, 'Quarteirao  15', 683),
(10, 'Quarteirao  16', 684),
(10, 'Quarteirao  17', 685),
(10, 'Quarteirao  18', 686),
(10, 'Quarteirao  19', 687),
(10, 'Quarteirao  20', 688),
(10, 'Quarteirao  21', 689),
(10, 'Quarteirao  22', 690),
(10, 'Quarteirao  23', 691),
(10, 'Quarteirao  24', 692),
(10, 'Quarteirao  25', 693),
(10, 'Quarteirao  26', 694),
(10, 'Quarteirao  27', 695),
(10, 'Quarteirao  28', 696),
(10, 'Quarteirao  29', 697),
(10, 'Quarteirao  30', 698),
(10, 'Quarteirao  31', 699),
(10, 'Quarteirao  32', 700),
(10, 'Quarteirao  33', 701),
(10, 'Quarteirao  34', 702),
(10, 'Quarteirao  35', 703),
(10, 'Quarteirao  36', 704),
(10, 'Quarteirao  37', 705),
(10, 'Quarteirao  38', 706),
(10, 'Quarteirao  39', 707),
(10, 'Quarteirao  40', 708),
(10, 'Quarteirao  41', 709),
(10, 'Quarteirao  42', 710),
(10, 'Quarteirao  43', 711),
(10, 'Quarteirao  44', 712),
(10, 'Quarteirao  45', 713),
(10, 'Quarteirao  46', 714),
(10, 'Quarteirao  47', 715),
(10, 'Quarteirao  48', 716),
(10, 'Quarteirao  49', 717),
(10, 'Quarteirao  50', 718),
(10, 'Quarteirao  51', 719),
(10, 'Quarteirao  52', 720),
(10, 'Quarteirao  53', 721),
(10, 'Quarteirao  54', 722),
(10, 'Quarteirao  55', 723),
(10, 'Quarteirao  56', 724),
(10, 'Quarteirao  57', 725),
(10, 'Quarteirao  58', 726),
(10, 'Quarteirao  59', 727),
(10, 'Quarteirao  60', 728),
(10, 'Quarteirao  61', 729),
(10, 'Quarteirao  62', 730),
(10, 'Quarteirao  63', 731),
(10, 'Quarteirao  64', 732),
(11, 'Quarteirao  1', 733),
(11, 'Quarteirao  2', 734),
(11, 'Quarteirao  3', 735),
(11, 'Quarteirao  4', 736),
(11, 'Quarteirao  5', 737),
(11, 'Quarteirao  6', 738),
(11, 'Quarteirao  7', 739),
(11, 'Quarteirao  8', 740),
(11, 'Quarteirao  9', 741),
(11, 'Quarteirao  10', 742),
(11, 'Quarteirao  11', 743),
(11, 'Quarteirao  12', 744),
(11, 'Quarteirao  13', 745),
(11, 'Quarteirao  14', 746),
(11, 'Quarteirao  15', 747),
(11, 'Quarteirao  16', 748),
(11, 'Quarteirao  17', 749),
(11, 'Quarteirao  18', 750),
(11, 'Quarteirao  19', 751),
(11, 'Quarteirao  20', 752),
(11, 'Quarteirao  21', 753),
(11, 'Quarteirao  22', 754),
(11, 'Quarteirao  23', 755),
(11, 'Quarteirao  24', 756),
(11, 'Quarteirao  25', 757),
(11, 'Quarteirao  26', 758),
(11, 'Quarteirao  27', 759),
(11, 'Quarteirao  28', 760),
(11, 'Quarteirao  29', 761),
(11, 'Quarteirao  30', 762),
(11, 'Quarteirao  31', 763),
(11, 'Quarteirao  32', 764),
(11, 'Quarteirao  33', 765),
(11, 'Quarteirao  34', 766),
(11, 'Quarteirao  35', 767),
(11, 'Quarteirao  36', 768),
(11, 'Quarteirao  37', 769),
(11, 'Quarteirao  38', 770),
(12, 'Quarteirao 1', 771),
(12, 'Quarteirao 2', 772),
(12, 'Quarteirao 3', 773),
(12, 'Quarteirao 4', 774),
(12, 'Quarteirao 5', 775),
(12, 'Quarteirao 6', 776),
(12, 'Quarteirao 7', 777),
(12, 'Quarteirao 8', 778),
(12, 'Quarteirao 9', 779),
(12, 'Quarteirao 10', 780),
(12, 'Quarteirao 10A', 781),
(12, 'Quarteirao 11', 782),
(12, 'Quarteirao 12', 783),
(12, 'Quarteirao 13', 784),
(12, 'Quarteirao 14', 785),
(12, 'Quarteirao 15', 786),
(12, 'Quarteirao 16', 787),
(12, 'Quarteirao 17', 788),
(12, 'Quarteirao 18', 789),
(12, 'Quarteirao 19', 790),
(12, 'Quarteirao 20', 791),
(12, 'Quarteirao 21', 792),
(12, 'Quarteirao 22', 793),
(12, 'Quarteirao 23A', 794),
(12, 'Quarteirao 23B', 795),
(12, 'Quarteirao 24', 796),
(12, 'Quarteirao 25', 797),
(12, 'Quarteirao 26', 798),
(12, 'Quarteirao 27', 799),
(12, 'Quarteirao 28', 800),
(12, 'Quarteirao 29', 801),
(12, 'Quarteirao 30', 802),
(12, 'Quarteirao 31', 803),
(12, 'Quarteirao 32', 804),
(12, 'Quarteirao 33', 805),
(12, 'Quarteirao 34', 806),
(13, 'Quarteirao 1', 807),
(13, 'Quarteirao 2', 808),
(13, 'Quarteirao 3', 809),
(13, 'Quarteirao 4', 810),
(13, 'Quarteirao 5', 811),
(13, 'Quarteirao 6', 812),
(13, 'Quarteirao 7', 813),
(13, 'Quarteirao 8', 814),
(13, 'Quarteirao 9', 815),
(13, 'Quarteirao 10', 816),
(13, 'Quarteirao 11', 817),
(13, 'Quarteirao 12', 818),
(13, 'Quarteirao 13', 819),
(13, 'Quarteirao 14', 820),
(13, 'Quarteirao 15', 821),
(13, 'Quarteirao 16', 822),
(13, 'Quarteirao 17', 823),
(13, 'Quarteirao 18', 824),
(13, 'Quarteirao 19', 825),
(13, 'Quarteirao 19A', 826),
(13, 'Quarteirao 20', 827),
(13, 'Quarteirao 21', 828),
(13, 'Quarteirao 22', 829),
(13, 'Quarteirao 23', 830),
(13, 'Quarteirao 24', 831),
(13, 'Quarteirao 25', 832),
(13, 'Quarteirao 26', 833),
(13, 'Quarteirao 27', 834),
(13, 'Quarteirao 28', 835),
(13, 'Quarteirao 29', 836),
(13, 'Quarteirao 29A', 837),
(13, 'Quarteirao 30', 838),
(13, 'Quarteirao 30A', 839),
(13, 'Quarteirao 31', 840),
(13, 'Quarteirao 32', 841),
(13, 'Quarteirao 33', 842),
(13, 'Quarteirao 33A', 843),
(13, 'Quarteirao 34', 844),
(13, 'Quarteirao 35', 845),
(13, 'Quarteirao 36', 846),
(13, 'Quarteirao 37', 847),
(13, 'Quarteirao 38', 848),
(13, 'Quarteirao 39', 849),
(13, 'Quarteirao 40', 850),
(13, 'Quarteirao 41', 851),
(13, 'Quarteirao 42', 852),
(13, 'Quarteirao 43', 853),
(13, 'Quarteirao 44', 854),
(13, 'Quarteirao 44A', 855),
(13, 'Quarteirao 45', 856),
(14, 'Quarteirao 1', 857),
(14, 'Quarteirao 2', 858),
(14, 'Quarteirao 3A', 859),
(14, 'Quarteirao 3B', 860),
(14, 'Quarteirao 4', 861),
(14, 'Quarteirao 5', 862),
(14, 'Quarteirao 6', 863),
(14, 'Quarteirao 7A', 864),
(14, 'Quarteirao 7B', 865),
(14, 'Quarteirao 8A', 866),
(14, 'Quarteirao 8B', 867),
(14, 'Quarteirao 9A', 868),
(14, 'Quarteirao 9B', 869),
(14, 'Quarteirao 10', 870),
(14, 'Quarteirao 11', 871),
(14, 'Quarteirao 12', 872),
(14, 'Quarteirao 13', 873),
(14, 'Quarteirao 14A', 874),
(14, 'Quarteirao 14B', 875),
(14, 'Quarteirao 14C', 876),
(14, 'Quarteirao 15A', 877),
(14, 'Quarteirao 15B', 878),
(14, 'Quarteirao 15C', 879),
(14, 'Quarteirao 16A', 880),
(14, 'Quarteirao 16B', 881),
(14, 'Quarteirao 17A', 882),
(14, 'Quarteirao 17B', 883),
(14, 'Quarteirao 17C', 884),
(14, 'Quarteirao 19', 885),
(14, 'Quarteirao 20', 886),
(14, 'Quarteirao 21', 887),
(14, 'Quarteirao 22', 888),
(14, 'Quarteirao 23A', 889),
(14, 'Quarteirao 23C', 890),
(14, 'Quarteirao 23D', 891),
(14, 'Quarteirao 23F', 892),
(14, 'Quarteirao 23G', 893),
(14, 'Quarteirao 24', 894),
(14, 'Quarteirao 25A', 895),
(14, 'Quarteirao 25B', 896),
(14, 'Quarteirao 25C', 897),
(14, 'Quarteirao 26A', 898),
(14, 'Quarteirao 26B', 899),
(14, 'Quarteirao 26C', 900),
(15, 'Quarteirao 1', 901),
(15, 'Quarteirao 2', 902),
(15, 'Quarteirao 3A', 903),
(15, 'Quarteirao 4A', 904),
(15, 'Quarteirao 5A', 905),
(15, 'Quarteirao 6', 906),
(15, 'Quarteirao 7A', 907),
(15, 'Quarteirao 8A', 908),
(15, 'Quarteirao 9A', 909),
(15, 'Quarteirao 10A', 910),
(15, 'Quarteirao 10B', 911),
(15, 'Quarteirao 11A', 912),
(15, 'Quarteirao 12', 913),
(15, 'Quarteirao 13', 914),
(15, 'Quarteirao 14', 915),
(15, 'Quarteirao 14A', 916),
(15, 'Quarteirao 15A', 917),
(15, 'Quarteirao 15B', 918),
(15, 'Quarteirao 15C', 919),
(15, 'Quarteirao 16', 920),
(15, 'Quarteirao 17A', 921),
(15, 'Quarteirao 17B', 922),
(15, 'Quarteirao 17C', 923),
(15, 'Quarteirao 18A', 924),
(15, 'Quarteirao 18B', 925),
(15, 'Quarteirao 18C', 926),
(15, 'Quarteirao 18D', 927),
(15, 'Quarteirao 19C', 928),
(15, 'Quarteirao 19D', 929),
(15, 'Quarteirao 19E', 930),
(15, 'Quarteirao 19F', 931),
(15, 'Quarteirao 19B', 932),
(15, 'Quarteirao 20', 933),
(15, 'Quarteirao 21', 934),
(15, 'Quarteirao 22A', 935),
(15, 'Quarteirao 23', 936),
(15, 'Quarteirao 24', 937),
(15, 'Quarteirao 25A', 938),
(15, 'Quarteirao 26A', 939),
(15, 'Quarteirao 27', 940),
(15, 'Quarteirao 28', 941),
(15, 'Quarteirao 29A', 942),
(16, 'Quarteirao 1A', 943),
(16, 'Quarteirao 1B', 944),
(16, 'Quarteirao 1C', 945),
(16, 'Quarteirao 2A', 946),
(16, 'Quarteirao 2B', 947),
(16, 'Quarteirao 2D', 948),
(16, 'Quarteirao 3', 949),
(16, 'Quarteirao 4', 950),
(16, 'Quarteirao 5A', 951),
(16, 'Quarteirao 5B', 952),
(16, 'Quarteirao 6', 953),
(16, 'Quarteirao 7', 954),
(16, 'Quarteirao 8', 955),
(16, 'Quarteirao 9', 956),
(16, 'Quarteirao 10', 957),
(16, 'Quarteirao 11A', 958),
(16, 'Quarteirao 11B', 959),
(16, 'Quarteirao 11C', 960),
(16, 'Quarteirao 11D', 961),
(16, 'Quarteirao 11E', 962),
(16, 'Quarteirao 12A', 963),
(16, 'Quarteirao 12B', 964),
(16, 'Quarteirao 13', 965),
(16, 'Quarteirao 14', 966),
(16, 'Quarteirao 15A', 967),
(16, 'Quarteirao 15B', 968),
(16, 'Quarteirao 15C', 969),
(16, 'Quarteirao 15D', 970),
(16, 'Quarteirao 15E', 971),
(16, 'Quarteirao 16', 972),
(16, 'Quarteirao 17A', 973),
(16, 'Quarteirao 17B', 974),
(16, 'Quarteirao 18', 975),
(16, 'Quarteirao 19A', 976),
(16, 'Quarteirao 19B', 977),
(16, 'Quarteirao 20', 978),
(16, 'Quarteirao 21', 979),
(16, 'Quarteirao 22', 980),
(16, 'Quarteirao 23', 981),
(16, 'Quarteirao 24', 982),
(16, 'Quarteirao 25A', 983),
(16, 'Quarteirao 25B', 984),
(16, 'Quarteirao 25C', 985),
(16, 'Quarteirao 26', 986),
(16, 'Quarteirao 27A', 987),
(16, 'Quarteirao 27B', 988),
(16, 'Quarteirao 28', 989),
(16, 'Quarteirao 29', 990),
(16, 'Quarteirao 30A', 991),
(16, 'Quarteirao 32B', 992),
(16, 'Quarteirao 33A', 993),
(17, 'Quarteirao 1A', 994),
(17, 'Quarteirao 1B', 995),
(17, 'Quarteirao 1C', 996),
(17, 'Quarteirao 2A', 997),
(17, 'Quarteirao 2B', 998),
(17, 'Quarteirao 2C', 999),
(17, 'Quarteirao 3', 1000),
(17, 'Quarteirao 4', 1001),
(17, 'Quarteirao 5A', 1002),
(17, 'Quarteirao 5B', 1003),
(17, 'Quarteirao 5C', 1004),
(17, 'Quarteirao 6A', 1005),
(17, 'Quarteirao 6B', 1006),
(17, 'Quarteirao 7', 1007),
(17, 'Quarteirao 8', 1008),
(17, 'Quarteirao 9', 1009),
(17, 'Quarteirao 10', 1010),
(17, 'Quarteirao 11', 1011),
(17, 'Quarteirao 12', 1012),
(17, 'Quarteirao 13', 1013),
(17, 'Quarteirao 14', 1014),
(17, 'Quarteirao 15', 1015),
(17, 'Quarteirao 16', 1016),
(17, 'Quarteirao 17', 1017),
(17, 'Quarteirao 18', 1018),
(17, 'Quarteirao 19', 1019),
(17, 'Quarteirao 20', 1020),
(17, 'Quarteirao 21', 1021),
(17, 'Quarteirao 22', 1022),
(17, 'Quarteirao 23', 1023),
(17, 'Quarteirao 24', 1024),
(18, 'Quarteirao 1', 1025),
(18, 'Quarteirao 3', 1026),
(18, 'Quarteirao 4', 1027),
(18, 'Quarteirao 5', 1028),
(18, 'Quarteirao 6', 1029),
(18, 'Quarteirao 7', 1030),
(18, 'Quarteirao 8', 1031),
(18, 'Quarteirao 10', 1032),
(18, 'Quarteirao 11', 1033),
(18, 'Quarteirao 12', 1034),
(18, 'Quarteirao 13', 1035),
(18, 'Quarteirao 14', 1036),
(18, 'Quarteirao 15', 1037),
(18, 'Quarteirao 16', 1038),
(18, 'Quarteirao 17', 1039),
(18, 'Quarteirao 18', 1040),
(18, 'Quarteirao 19', 1041),
(18, 'Quarteirao 21', 1042),
(18, 'Quarteirao 22', 1043),
(18, 'Quarteirao 23', 1044),
(18, 'Quarteirao 24', 1045),
(18, 'Quarteirao 25', 1046),
(18, 'Quarteirao 26', 1047),
(18, 'Quarteirao 27', 1048),
(18, 'Quarteirao 28', 1049),
(18, 'Quarteirao 29', 1050),
(18, 'Quarteirao 30', 1051),
(18, 'Quarteirao 31', 1052),
(19, 'Quarteirao 1', 1053),
(19, 'Quarteirao 2', 1054),
(19, 'Quarteirao 3', 1055),
(19, 'Quarteirao 4', 1056),
(19, 'Quarteirao 5', 1057),
(19, 'Quarteirao 6', 1058),
(19, 'Quarteirao 7', 1059),
(19, 'Quarteirao 8', 1060),
(19, 'Quarteirao 9', 1061),
(19, 'Quarteirao 10', 1062),
(19, 'Quarteirao 11', 1063),
(19, 'Quarteirao 12', 1064),
(19, 'Quarteirao 13', 1065),
(19, 'Quarteirao 14', 1066),
(19, 'Quarteirao 15', 1067),
(19, 'Quarteirao 16', 1068),
(19, 'Quarteirao 17', 1069),
(19, 'Quarteirao 18', 1070),
(19, 'Quarteirao 19', 1071),
(19, 'Quarteirao 20', 1072),
(19, 'Quarteirao 21', 1073),
(19, 'Quarteirao 22', 1074),
(19, 'Quarteirao 23', 1075),
(19, 'Quarteirao 25', 1076),
(19, 'Quarteirao 26', 1077),
(19, 'Quarteirao 27', 1078),
(19, 'Quarteirao 28', 1079),
(19, 'Quarteirao 29', 1080),
(19, 'Quarteirao 30', 1081),
(19, 'Quarteirao 31', 1082),
(19, 'Quarteirao 32', 1083),
(19, 'Quarteirao 33', 1084),
(19, 'Quarteirao 34', 1085),
(19, 'Quarteirao 35', 1086),
(19, 'Quarteirao 36', 1087),
(19, 'Quarteirao 37', 1088),
(19, 'Quarteirao 38', 1089),
(19, 'Quarteirao 39', 1090),
(19, 'Quarteirao 40', 1091),
(19, 'Quarteirao 41', 1092),
(19, 'Quarteirao 42', 1093),
(19, 'Quarteirao 43', 1094),
(19, 'Quarteirao 44', 1095),
(19, 'Quarteirao 45', 1096),
(19, 'Quarteirao 46', 1097),
(20, 'Quarteirao 1', 1098),
(20, 'Quarteirao 2', 1099),
(20, 'Quarteirao 3', 1100),
(20, 'Quarteirao 4', 1101),
(20, 'Quarteirao 8', 1102),
(20, 'Quarteirao 9', 1103),
(20, 'Quarteirao 10', 1104),
(20, 'Quarteirao 11', 1105),
(20, 'Quarteirao 12', 1106),
(20, 'Quarteirao 13', 1107),
(20, 'Quarteirao 14', 1108),
(20, 'Quarteirao 15', 1109),
(20, 'Quarteirao 16', 1110),
(20, 'Quarteirao 17', 1111),
(20, 'Quarteirao 18', 1112),
(20, 'Quarteirao 19', 1113),
(20, 'Quarteirao 20', 1114),
(20, 'Quarteirao 21', 1115),
(20, 'Quarteirao 22', 1116),
(20, 'Quarteirao 23', 1117),
(20, 'Quarteirao 24', 1118),
(20, 'Quarteirao 25', 1119),
(20, 'Quarteirao 26', 1120),
(20, 'Quarteirao 28', 1121),
(20, 'Quarteirao 29', 1122),
(20, 'Quarteirao 30', 1123),
(20, 'Quarteirao 31', 1124),
(20, 'Quarteirao 32', 1125),
(20, 'Quarteirao 33', 1126),
(20, 'Quarteirao 34', 1127),
(20, 'Quarteirao 35', 1128),
(20, 'Quarteirao 37', 1129),
(20, 'Quarteirao 36', 1130),
(20, 'Quarteirao 38', 1131),
(20, 'Quarteirao 39', 1132),
(20, 'Quarteirao 40', 1133),
(20, 'Quarteirao 41', 1134),
(20, 'Quarteirao 42', 1135),
(20, 'Quarteirao 43', 1136),
(20, 'Quarteirao 44', 1137),
(20, 'Quarteirao 3A', 1139),
(21, 'Quarteirao 2', 1140),
(21, 'Quarteirao 4', 1141),
(21, 'Quarteirao 5', 1142),
(21, 'Quarteirao 6', 1143),
(21, 'Quarteirao 7', 1144),
(21, 'Quarteirao 8', 1145),
(21, 'Quarteirao 9', 1146),
(21, 'Quarteirao 10', 1147),
(21, 'Quarteirao 11', 1148),
(21, 'Quarteirao 12', 1149),
(21, 'Quarteirao 13', 1150),
(21, 'Quarteirao 14', 1151),
(21, 'Quarteirao 15', 1152),
(21, 'Quarteirao 16', 1153),
(21, 'Quarteirao 16 (Hospital Central)', 1154),
(21, 'Quarteirao 17', 1155),
(21, 'Quarteirao 18', 1156),
(21, 'Quarteirao 19', 1157),
(21, 'Quarteirao 20', 1158),
(21, 'Quarteirao 21', 1159),
(21, 'Quarteirao 22', 1160),
(21, 'Quarteirao 23', 1161),
(21, 'Quarteirao 24', 1162),
(21, 'Quarteirao 25', 1163),
(21, 'Quarteirao 26', 1164),
(21, 'Quarteirao 27', 1165),
(21, 'Quarteirao 28', 1166),
(21, 'Quarteirao 29', 1167),
(21, 'Quarteirao 31', 1168),
(21, 'Quarteirao 32', 1169),
(21, 'Quarteirao 33', 1170),
(21, 'Quarteirao 34', 1171),
(21, 'Quarteirao 35', 1172),
(21, 'Quarteirao 36', 1173),
(21, 'Quarteirao 37', 1174),
(21, 'Quarteirao 38', 1175),
(21, 'Quarteirao 39', 1176),
(21, 'Quarteirao 41', 1177),
(21, 'Quarteirao 42', 1178),
(21, 'Quarteirao 43', 1179),
(21, 'Quarteirao 44', 1180),
(21, 'Quarteirao 44 (Força Aerea)', 1181),
(21, 'Quarteirao 45', 1182),
(21, 'Quarteirao 46', 1183),
(22, 'Quarteirao 1', 1184),
(22, 'Quarteirao 2', 1185),
(22, 'Quarteirao 3', 1186),
(22, 'Quarteirao 4', 1187),
(22, 'Quarteirao 5', 1188),
(22, 'Quarteirao 6', 1189),
(22, 'Quarteirao 7', 1190),
(22, 'Quarteirao 8', 1191),
(22, 'Quarteirao 9', 1192),
(22, 'Quarteirao 10', 1193),
(22, 'Quarteirao 11', 1194),
(22, 'Quarteirao 12', 1195),
(22, 'Quarteirao 13', 1196),
(22, 'Quarteirao 15', 1197),
(22, 'Quarteirao 16', 1198),
(22, 'Quarteirao 17', 1199),
(22, 'Quarteirao 18', 1200),
(22, 'Quarteirao 20', 1201),
(22, 'Quarteirao 21', 1202),
(22, 'Quarteirao 22', 1203),
(22, 'Quarteirao 23', 1204),
(22, 'Quarteirao 24', 1205),
(22, 'Quarteirao 25', 1206),
(22, 'Quarteirao 26', 1207),
(22, 'Quarteirao 27', 1208),
(22, 'Quarteirao 29', 1209),
(22, 'Quarteirao 30', 1210),
(22, 'Quarteirao 31', 1211),
(22, 'Quarteirao 32', 1212),
(22, 'Quarteirao 33', 1213),
(22, 'Quarteirao 34', 1214),
(22, 'Quarteirao 35', 1215),
(22, 'Quarteirao 36', 1216),
(22, 'Quarteirao 37', 1217),
(22, 'Quarteirao 38', 1218),
(22, 'Quarteirao 39', 1219),
(23, 'Quarteirao 1', 1220),
(23, 'Quarteirao 2', 1221),
(23, 'Quarteirao 3', 1222),
(23, 'Quarteirao 4', 1223),
(23, 'Quarteirao 5', 1224),
(23, 'Quarteirao 6', 1225),
(23, 'Quarteirao 7', 1226),
(23, 'Quarteirao 8', 1227),
(23, 'Quarteirao 9', 1228),
(23, 'Quarteirao 10', 1229),
(23, 'Quarteirao 11', 1230),
(23, 'Quarteirao 12', 1231),
(23, 'Quarteirao 13', 1232),
(23, 'Quarteirao 14', 1233),
(23, 'Quarteirao 15', 1234),
(23, 'Quarteirao 16', 1235),
(23, 'Quarteirao 17', 1236),
(23, 'Quarteirao 18', 1237),
(23, 'Quarteirao 19', 1238),
(23, 'Quarteirao 20', 1239),
(23, 'Quarteirao 21', 1240),
(23, 'Quarteirao 22', 1241),
(23, 'Quarteirao 23', 1242),
(23, 'Quarteirao 24', 1243),
(23, 'Quarteirao 25', 1244),
(23, 'Quarteirao 26', 1245),
(23, 'Quarteirao 27', 1246),
(23, 'Quarteirao 28', 1247),
(23, 'Quarteirao 29', 1248),
(23, 'Quarteirao 30', 1249),
(23, 'Quarteirao 31', 1250),
(23, 'Quarteirao 32', 1251),
(23, 'Quarteirao 33', 1252),
(23, 'Quarteirao 34', 1253),
(23, 'Quarteirao 35', 1254),
(23, 'Quarteirao 36', 1255),
(23, 'Quarteirao 37', 1256),
(23, 'Quarteirao 38', 1257),
(24, 'Quarteirao 1', 1258),
(24, 'Quarteirao 3', 1259),
(24, 'Quarteirao 4', 1260),
(24, 'Quarteirao 5', 1261),
(24, 'Quarteirao 6', 1262),
(24, 'Quarteirao 7', 1263),
(24, 'Quarteirao 8', 1264),
(24, 'Quarteirao 9', 1265),
(24, 'Quarteirao 10', 1266),
(24, 'Quarteirao 11', 1267),
(24, 'Quarteirao 12', 1268),
(24, 'Quarteirao 13', 1269),
(24, 'Quarteirao 14', 1270),
(24, 'Quarteirao 15', 1271),
(24, 'Quarteirao 16', 1272),
(24, 'Quarteirao 17', 1273),
(24, 'Quarteirao 18', 1274),
(24, 'Quarteirao 19', 1275),
(24, 'Quarteirao 20', 1276),
(24, 'Quarteirao 21', 1277),
(24, 'Quarteirao 22', 1278),
(24, 'Quarteirao 23', 1279),
(24, 'Quarteirao 24', 1280),
(24, 'Quarteirao 25', 1281),
(24, 'Quarteirao 26', 1282),
(24, 'Quarteirao 27', 1283),
(24, 'Quarteirao 28', 1284),
(24, 'Quarteirao 29', 1285),
(24, 'Quarteirao 30', 1286),
(24, 'Quarteirao 31', 1287),
(24, 'Quarteirao 32', 1288),
(24, 'Quarteirao 33', 1289),
(24, 'Quarteirao 34', 1290),
(24, 'Quarteirao 35', 1291),
(24, 'Quarteirao 36', 1292),
(24, 'Quarteirao 37', 1293),
(24, 'Quarteirao 38', 1294),
(24, 'Quarteirao 39', 1295),
(24, 'Quarteirao 40', 1296),
(24, 'Quarteirao 41', 1297),
(24, 'Quarteirao 42', 1298),
(24, 'Quarteirao 43', 1299),
(24, 'Quarteirao 44', 1300),
(24, 'Quarteirao 45', 1301),
(24, 'Quarteirao 46', 1302),
(24, 'Quarteirao 47', 1303),
(24, 'Quarteirao 48', 1304),
(24, 'Quarteirao 49', 1305),
(24, 'Quarteirao 50', 1306),
(24, 'Quarteirao 51', 1307),
(25, 'Quarteirao 1', 1308),
(25, 'Quarteirao 1A', 1309),
(25, 'Quarteirao 1B', 1310),
(25, 'Quarteirao 1C', 1311),
(25, 'Quarteirao 2', 1312),
(25, 'Quarteirao 3', 1313),
(25, 'Quarteirao 4', 1314),
(25, 'Quarteirao 5', 1315),
(25, 'Quarteirao 5A', 1316),
(25, 'Quarteirao 6', 1317),
(25, 'Quarteirao 7', 1318),
(25, 'Quarteirao 8', 1319),
(25, 'Quarteirao 9', 1320),
(25, 'Quarteirao 10', 1321),
(25, 'Quarteirao 10A', 1322),
(25, 'Quarteirao 11', 1323),
(25, 'Quarteirao 12', 1324),
(25, 'Quarteirao 13', 1325),
(25, 'Quarteirao 14', 1326),
(25, 'Quarteirao 15', 1327),
(25, 'Quarteirao 16', 1328),
(25, 'Quarteirao 16A', 1329),
(25, 'Quarteirao 17', 1330),
(25, 'Quarteirao 18', 1331),
(25, 'Quarteirao 19', 1332),
(25, 'Quarteirao 20', 1333),
(25, 'Quarteirao 21', 1334),
(25, 'Quarteirao 22', 1335),
(25, 'Quarteirao 23', 1336),
(25, 'Quarteirao 24', 1337),
(25, 'Quarteirao 25', 1338),
(25, 'Quarteirao 26', 1339),
(25, 'Quarteirao 27', 1340),
(25, 'Quarteirao 28', 1341),
(25, 'Quarteirao 29', 1342),
(25, 'Quarteirao 30', 1343),
(25, 'Quarteirao 31', 1344),
(25, 'Quarteirao 32', 1345),
(25, 'Quarteirao 33', 1346),
(25, 'Quarteirao 34', 1347),
(25, 'Quarteirao 35', 1348),
(25, 'Quarteirao 36', 1349),
(25, 'Quarteirao 37', 1350),
(25, 'Quarteirao 38', 1351),
(25, 'Quarteirao 39', 1352),
(25, 'Quarteirao 40', 1353),
(25, 'Quarteirao 41', 1354),
(25, 'Quarteirao 42', 1355),
(25, 'Quarteirao 43', 1356),
(25, 'Quarteirao 44', 1357),
(25, 'Quarteirao 45', 1358),
(25, 'Quarteirao 46', 1359),
(25, 'Quarteirao 47', 1360),
(25, 'Quarteirao 48', 1361),
(26, 'Quarteirao 1', 1362),
(26, 'Quarteirao 2', 1363),
(26, 'Quarteirao 3', 1364),
(26, 'Quarteirao 4', 1365),
(26, 'Quarteirao 5', 1366),
(26, 'Quarteirao 6', 1367),
(26, 'Quarteirao 7', 1368),
(26, 'Quarteirao 8', 1369),
(26, 'Quarteirao 9', 1370),
(26, 'Quarteirao 10', 1371),
(26, 'Quarteirao 11', 1372),
(26, 'Quarteirao 12', 1373),
(26, 'Quarteirao 13', 1374),
(26, 'Quarteirao 14', 1375),
(26, 'Quarteirao 15', 1376),
(26, 'Quarteirao 16', 1377),
(26, 'Quarteirao 17', 1378),
(26, 'Quarteirao 18', 1379),
(26, 'Quarteirao 19', 1380),
(26, 'Quarteirao 20', 1381),
(26, 'Quarteirao 21', 1382),
(26, 'Quarteirao 22', 1383),
(26, 'Quarteirao 23', 1384),
(26, 'Quarteirao 24', 1385),
(26, 'Quarteirao 25', 1386),
(26, 'Quarteirao 26', 1387),
(26, 'Quarteirao 27', 1388),
(26, 'Quarteirao 28', 1389),
(26, 'Quarteirao 29', 1390),
(26, 'Quarteirao 30', 1391),
(26, 'Quarteirao 31', 1392),
(26, 'Quarteirao 33', 1393),
(26, 'Quarteirao 34', 1394),
(26, 'Quarteirao 35', 1395),
(26, 'Quarteirao 36', 1396),
(26, 'Quarteirao 37', 1397),
(26, 'Quarteirao 38', 1398),
(26, 'Quarteirao 39', 1399),
(26, 'Quarteirao 40', 1400),
(26, 'Quarteirao 41', 1401),
(26, 'Quarteirao 42', 1402),
(26, 'Quarteirao 43', 1403),
(26, 'Quarteirao 44', 1404),
(26, 'Quarteirao 45', 1405),
(26, 'Quarteirao 46', 1406),
(26, 'Quarteirao 47', 1407),
(26, 'Quarteirao 48', 1408),
(26, 'Quarteirao 49', 1409),
(26, 'Quarteirao 50', 1410),
(26, 'Quarteirao 51', 1411),
(26, 'Quarteirao 52', 1412),
(26, 'Quarteirao 53', 1413),
(26, 'Quarteirao 54', 1414),
(26, 'Quarteirao 55', 1415),
(26, 'Quarteirao 56', 1416),
(26, 'Quarteirao 57', 1417),
(26, 'Quarteirao 58', 1418),
(26, 'Quarteirao 59', 1419),
(26, 'Quarteirao 60', 1420),
(26, 'Quarteirao 61', 1421),
(26, 'Quarteirao 62', 1422),
(26, 'Quarteirao 63', 1423),
(26, 'Quarteirao 64', 1424),
(26, 'Quarteirao 65', 1425),
(26, 'Quarteirao 66', 1426),
(26, 'Quarteirao 67', 1427),
(26, 'Quarteirao 68', 1428),
(26, 'Quarteirao 70', 1429),
(26, 'Quarteirao 71', 1430),
(26, 'Quarteirao 72', 1431),
(26, 'Quarteirao 73', 1432),
(26, 'Quarteirao 74', 1433),
(26, 'Quarteirao 75', 1434),
(26, 'Quarteirao 76', 1435),
(26, 'Quarteirao 77', 1436),
(26, 'Quarteirao 78', 1437),
(26, 'Quarteirao 79', 1438),
(26, 'Quarteirao 80', 1439),
(26, 'Quarteirao 81', 1440),
(26, 'Quarteirao 82', 1441),
(26, 'Quarteirao 83', 1442),
(26, 'Quarteirao 84', 1443),
(26, 'Quarteirao 86', 1444),
(26, 'Quarteirao 87', 1445),
(26, 'Quarteirao 88', 1446),
(26, 'Quarteirao 89', 1447),
(26, 'Quarteirao 90', 1448),
(26, 'Quarteirao 91', 1449),
(26, 'Quarteirao 92', 1450),
(26, 'Quarteirao 93', 1451),
(26, 'Quarteirao 94', 1452),
(26, 'Quarteirao 95', 1453),
(26, 'Quarteirao 96', 1454),
(26, 'Quarteirao 97', 1455),
(26, 'Quarteirao 98', 1456),
(26, 'Quarteirao 99', 1457),
(26, 'Quarteirao 100', 1458),
(26, 'Quarteirao 101', 1459),
(26, 'Quarteirao 102', 1460),
(26, 'Quarteirao 103', 1461),
(26, 'Quarteirao 104', 1462),
(26, 'Quarteirao 105', 1463),
(26, 'Quarteirao 106B', 1464),
(26, 'Quarteirao 107', 1465),
(26, 'Quarteirao 108', 1466),
(26, 'Quarteirao 109', 1467),
(26, 'Quarteirao 110', 1468),
(26, 'Quarteirao 111', 1469),
(26, 'Quarteirao 112', 1470),
(26, 'Quarteirao 113', 1471),
(26, 'Quarteirao 114', 1472),
(26, 'Quarteirao 115', 1473),
(26, 'Quarteirao 116', 1474),
(26, 'Quarteirao 117', 1475),
(26, 'Quarteirao 118', 1476),
(26, 'Quarteirao 119', 1477),
(26, 'Quarteirao 120', 1478),
(26, 'Quarteirao 121', 1479),
(26, 'Quarteirao 122', 1480),
(26, 'Quarteirao 123', 1481),
(26, 'Quarteirao 124', 1482),
(26, 'Quarteirao 125', 1483),
(26, 'Quarteirao 126', 1484),
(26, 'Quarteirao 127', 1485),
(26, 'Quarteirao 128', 1486),
(26, 'Quarteirao 129', 1487),
(26, 'Quarteirao 130', 1488),
(26, 'Quarteirao 131', 1489),
(26, 'Quarteirao 132', 1490),
(26, 'Quarteirao 133', 1491),
(26, 'Quarteirao 134', 1492),
(26, 'Quarteirao 135', 1493),
(26, 'Quarteirao 28A', 1494),
(26, 'Quarteirao 18A', 1495),
(26, 'Quarteirao 106A', 1496),
(27, 'Quarteirao 1', 1497),
(27, 'Quarteirao 2', 1498),
(27, 'Quarteirao 3', 1499),
(27, 'Quarteirao 4', 1500),
(27, 'Quarteirao 5', 1501),
(27, 'Quarteirao5', 1502),
(27, 'Quarteirao 6', 1503),
(27, 'Quarteirao7', 1504),
(27, 'Quarteirao 7', 1505),
(27, 'Quarteirao 8', 1506),
(27, 'Quarteirao 9', 1507),
(27, 'Quarteirao 10', 1508),
(27, 'Quarteirao 11', 1509),
(27, 'Quarteirao 12', 1510),
(27, 'Quarteirao 13', 1511),
(27, 'Quarteirao 14', 1512),
(27, 'Quarteirao 15', 1513),
(27, 'Quarteirao 16', 1514),
(27, 'Quarteirao 17', 1515),
(27, 'Quarteirao 18', 1516),
(27, 'Quarteirao 19', 1517),
(27, 'Quarteirao 20', 1518),
(27, 'Quarteirao 21', 1519),
(27, 'Quarteirao 22', 1520),
(27, 'Quarteirao 23', 1521),
(27, 'Quarteirao 24', 1522),
(27, 'Quarteirao 25', 1523),
(27, 'Quarteirao 26', 1524),
(27, 'Quarteirao 27', 1525),
(27, 'Quarteirao 28', 1526),
(27, 'Quarteirao 29A', 1527),
(27, 'Quarteirao 30', 1528),
(27, 'Quarteirao 31', 1529),
(27, 'Quarteirao 32', 1530),
(27, 'Quarteirao 33', 1531),
(27, 'Quarteirao 34', 1532),
(27, 'Quarteirao 35', 1533),
(27, 'Quarteirao 36', 1534),
(27, 'Quarteirao 37', 1535),
(27, 'Quarteirao 38', 1536),
(27, 'Quarteirao 29B', 1537),
(28, 'Quarteirao 1', 1538),
(28, 'Quarteirao 2', 1539),
(28, 'Quarteirao 3', 1540),
(28, 'Quarteirao 4', 1541),
(28, 'Quarteirao 5', 1542),
(28, 'Quarteirao 6', 1543),
(28, 'Quarteirao 7', 1544),
(28, 'Quarteirao 8', 1545),
(28, 'Quarteirao 9', 1546),
(28, 'Quarteirao 10', 1547),
(28, 'Quarteirao 11', 1548),
(28, 'Quarteirao 12', 1549),
(28, 'Quarteirao 13', 1550),
(28, 'Quarteirao 14', 1551),
(28, 'Quarteirao 15', 1552),
(28, 'Quarteirao 17', 1553),
(28, 'Quarteirao 18', 1554),
(28, 'Quarteirao 19', 1555),
(28, 'Quarteirao 20', 1556),
(28, 'Quarteirao 21', 1557),
(28, 'Quarteirao 22', 1558),
(28, 'Quarteirao 23', 1559),
(28, 'Quarteirao 24', 1560),
(28, 'Quarteirao 25', 1561),
(28, 'Quarteirao 26', 1562),
(28, 'Quarteirao 28', 1563),
(28, 'Quarteirao 29', 1564),
(28, 'Quarteirao 30', 1565),
(28, 'Quarteirao 31', 1566),
(28, 'Quarteirao 32', 1567),
(28, 'Quarteirao 34', 1568),
(28, 'Quarteirao 35', 1569),
(28, 'Quarteirao 36', 1570),
(28, 'Quarteirao 37', 1571),
(28, 'Quarteirao 38', 1572),
(28, 'Quarteirao 39', 1573),
(28, 'Quarteirao 40', 1574),
(28, 'Quarteirao 41', 1575),
(28, 'Quarteirao 42', 1576),
(28, 'Quarteirao 43', 1577),
(28, 'Quarteirao 44', 1578),
(28, 'Quarteirao 45', 1579),
(28, 'Quarteirao 46', 1580),
(28, 'Quarteirao 47', 1581),
(28, 'Quarteirao 48', 1582),
(28, 'Quarteirao 49', 1583),
(28, 'Quarteirao 50', 1584),
(28, 'Quarteirao 51', 1585),
(28, 'Quarteirao 52', 1586),
(28, 'Quarteirao 53', 1587),
(28, 'Quarteirao 54', 1588),
(29, 'Quarteirao 1', 1589),
(29, 'Quarteirao 2', 1590),
(29, 'Quarteirao 3', 1591),
(29, 'Quarteirao 4', 1592),
(29, 'Quarteirao 5', 1593),
(29, 'Quarteirao 6', 1594),
(29, 'Quarteirao 7', 1595),
(29, 'Quarteirao 8', 1596),
(29, 'Quarteirao 9', 1597),
(29, 'Quarteirao 10', 1598),
(29, 'Quarteirao 11', 1599),
(29, 'Quarteirao 12', 1600),
(29, 'Quarteirao 13', 1601),
(29, 'Quarteirao 14', 1602),
(29, 'Quarteirao 15', 1603),
(29, 'Quarteirao 16', 1604),
(29, 'Quarteirao 17', 1605),
(29, 'Quarteirao 18', 1606),
(29, 'Quarteirao 19', 1607),
(29, 'Quarteirao 20', 1608),
(29, 'Quarteirao 21', 1609),
(29, 'Quarteirao 22', 1610),
(29, 'Quarteirao 23', 1611),
(29, 'Quarteirao 24', 1612),
(29, 'Quarteirao 25', 1613),
(29, 'Quarteirao 26', 1614),
(29, 'Quarteirao 27', 1615),
(29, 'Quarteirao 28', 1616),
(29, 'Quarteirao 29', 1617),
(29, 'Quarteirao 30', 1618),
(29, 'Quarteirao 31', 1619),
(29, 'Quarteirao 32', 1620),
(29, 'Quarteirao 33', 1621),
(29, 'Quarteirao 34', 1622),
(29, 'Quarteirao 35', 1623),
(29, 'Quarteirao 36', 1624),
(30, 'Quarteirao 1', 1625),
(30, 'Quarteirao 2', 1626),
(30, 'Quarteirao 3', 1627),
(30, 'Quarteirao 4', 1628),
(30, 'Quarteirao5', 1629),
(30, 'Quarteirao 5', 1630),
(30, 'Quarteirao 6', 1631),
(30, 'Quarteirao 7', 1632),
(30, 'Quarteirao 8', 1633),
(30, 'Quarteirao 9', 1634),
(30, 'Quarteirao 10', 1635),
(30, 'Quarteirao 11', 1636),
(30, 'Quarteirao 12', 1637),
(30, 'Quarteirao 13', 1638),
(30, 'Quarteirao 14', 1639),
(30, 'Quarteirao 15', 1640),
(30, 'Quarteirao 16', 1641),
(30, 'Quarteirao 17', 1642),
(30, 'Quarteirao 18', 1643),
(30, 'Quarteirao 19', 1644),
(30, 'Quarteirao 20', 1645),
(30, 'Quarteirao 21', 1646),
(30, 'Quarteirao 22', 1647),
(30, 'Quarteirao 23', 1648),
(30, 'Quarteirao 24', 1649),
(30, 'Quarteirao 25', 1650),
(30, 'Quarteirao 26', 1651),
(30, 'Quarteirao 27', 1652),
(30, 'Quarteirao 28', 1653),
(30, 'Quarteirao 29', 1654),
(30, 'Quarteirao 30', 1655),
(30, 'Quarteirao 31', 1656),
(30, 'Quarteirao 32', 1657),
(30, 'Quarteirao 33', 1658),
(30, 'Quarteirao 34', 1659),
(30, 'Quarteirao 35', 1660),
(30, 'Quarteirao 36', 1661),
(30, 'Quarteirao 37', 1662),
(30, 'Quarteirao 38', 1663),
(30, 'Quarteirao 39', 1664),
(30, 'Quarteirao 40', 1665),
(30, 'Quarteirao 41', 1666),
(30, 'Quarteirao 42', 1667),
(30, 'Quarteirao 43', 1668),
(30, 'Quarteirao 44', 1669),
(30, 'Quarteirao 45', 1670),
(30, 'Quarteirao 46', 1671),
(30, 'Quarteirao 47', 1672),
(30, 'Quarteirao 48', 1673),
(30, 'Quarteirao 49', 1674),
(30, 'Quarteirao 50', 1675),
(30, 'Quarteirao 51', 1676),
(30, 'Quarteirao 52', 1677),
(30, 'Quarteirao 53', 1678),
(30, 'Quarteirao 54', 1679),
(30, 'Quarteirao 55', 1680),
(30, 'Quarteirao 56', 1681),
(30, 'Quarteirao 57', 1682),
(30, 'Quarteirao 58', 1683),
(30, 'Quarteirao 59', 1684),
(30, 'Quarteirao 60', 1685),
(30, 'Quarteirao 61', 1686),
(30, 'Quarteirao 62', 1687),
(30, 'Quarteirao 63', 1688),
(30, 'Quarteirao 64', 1689),
(30, 'Quarteirao 65', 1690),
(30, 'Quarteirao 66', 1691),
(30, 'Quarteirao 67', 1692),
(30, 'Quarteirao 68', 1693),
(30, 'Quarteirao 69', 1694),
(30, 'Quarteirao 70', 1695),
(30, 'Quarteirao 71', 1696),
(30, 'Quarteirao 72', 1697),
(30, 'Quarteirao 73', 1698),
(30, 'Quarteirao 74', 1699),
(30, 'Quarteirao 75', 1700),
(30, 'Quarteirao 76', 1701),
(30, 'Quarteirao 77', 1702),
(30, 'Quarteirao 78', 1703),
(30, 'Quarteirao 79', 1704),
(30, 'Quarteirao 80', 1705),
(30, 'Quarteirao 81', 1706),
(30, 'Quarteirao 82', 1707),
(30, 'Quarteirao 83', 1708),
(30, 'Quarteirao 84', 1709),
(30, 'Quarteirao 85', 1710),
(30, 'Quarteirao 86', 1711),
(30, 'Quarteirao 87', 1712),
(30, 'Quarteirao 88', 1713),
(31, 'Quarteirao 1A', 1714),
(31, 'Quarteirao 1B', 1715),
(31, 'Quarteirao 1C', 1716),
(31, 'Quarteirao 1D', 1717),
(31, 'Quarteirao 1E', 1718),
(31, 'Quarteirao 1F', 1719),
(31, 'Quarteirao 1G', 1720),
(31, 'Quarteirao 1H', 1721),
(31, 'Quarteirao 2', 1722),
(31, 'Quarteirao 3A', 1723),
(31, 'Quarteirao 3B', 1724),
(31, 'Quarteirao 4', 1725),
(31, 'Quarteirao 5', 1726),
(31, 'Quarteirao 6A', 1727),
(31, 'Quarteirao 6B', 1728),
(31, 'Quarteirao 7', 1729),
(31, 'Quarteirao 7A', 1730),
(31, 'Quarteirao 8', 1731),
(31, 'Quarteirao 9', 1732),
(31, 'Quarteirao 10A', 1733),
(31, 'Quarteirao 10B', 1734),
(31, 'Quarteirao 10C', 1735),
(31, 'Quarteirao 10D', 1736),
(31, 'Quarteirao 11', 1737),
(31, 'Quarteirao 11A', 1738),
(31, 'Quarteirao 12', 1739),
(31, 'Quarteirao 13A', 1740),
(31, 'Quarteirao 13B', 1741),
(31, 'Quarteirao 13C', 1742),
(31, 'Quarteirao 13D', 1743),
(31, 'Quarteirao 13E', 1744),
(31, 'Quarteirao 13F', 1745),
(31, 'Quarteirao 13G', 1746),
(31, 'Quarteirao 13H', 1747),
(31, 'Quarteirao 14', 1748),
(31, 'Quarteirao 15A', 1749),
(31, 'Quarteirao 15B', 1750),
(31, 'Quarteirao 16A', 1751),
(31, 'Quarteirao 16B', 1752),
(31, 'Quarteirao 17A', 1753),
(31, 'Quarteirao 18A', 1754),
(31, 'Quarteirao 18B', 1755),
(31, 'Quarteirao 18C', 1756),
(31, 'Quarteirao 19', 1757),
(31, 'Quarteirao 20A', 1758),
(31, 'Quarteirao 20B', 1759),
(31, 'Quarteirao 20C', 1760),
(31, 'Quarteirao 21A', 1761),
(31, 'Quarteirao 21B', 1762),
(31, 'Quarteirao 21C', 1763),
(31, 'Quarteirao 22', 1764),
(31, 'Quarteirao 23A', 1765),
(31, 'Quarteirao 23B', 1766),
(31, 'Quarteirao 24A', 1767),
(31, 'Quarteirao 24B', 1768),
(31, 'Quarteirao 25', 1769),
(31, 'Quarteirao 25A', 1770),
(31, 'Quarteirao 25B', 1771),
(31, 'Quarteirao 26', 1772),
(31, 'Quarteirao 27', 1773),
(31, 'Quarteirao 27A', 1774),
(31, 'Quarteirao 28', 1775),
(31, 'Quarteirao 29A', 1776),
(31, 'Quarteirao 29B', 1777),
(31, 'Quarteirao 30A', 1778),
(31, 'Quarteirao 30B', 1779),
(31, 'Quarteirao 31A', 1780),
(31, 'Quarteirao 31B', 1781),
(31, 'Quarteirao 32A', 1782),
(31, 'Quarteirao 32B', 1783),
(31, 'Quarteirao 32C', 1784),
(31, 'Quarteirao 33A', 1785),
(31, 'Quarteirao 33B', 1786),
(31, 'Quarteirao 34A', 1787),
(31, 'Quarteirao 34B', 1788),
(31, 'Quarteirao 35A', 1789),
(31, 'Quarteirao 35B', 1790),
(31, 'Quarteirao 36A', 1791),
(31, 'Quarteirao 36B', 1792),
(31, 'Quarteirao 37A', 1793),
(31, 'Quarteirao 37B', 1794),
(31, 'Quarteirao 37C', 1795),
(31, 'Quarteirao 38', 1796),
(31, 'Quarteirao 38A', 1797),
(31, 'Quarteirao 39A', 1798),
(31, 'Quarteirao 39B', 1799),
(31, 'Quarteirao 39C', 1800),
(31, 'Quarteirao 39D', 1801),
(31, 'Quarteirao 40', 1802),
(31, 'Quarteirao 41', 1803),
(31, 'Quarteirao 42A', 1804),
(31, 'Quarteirao 42B', 1805),
(31, 'Quarteirao 43', 1806),
(31, 'Quarteirao 43A', 1807),
(31, 'Quarteirao 43B', 1808),
(31, 'Quarteirao 44A', 1809),
(31, 'Quarteirao 44B', 1810),
(31, 'Quarteirao 44C', 1811),
(31, 'Quarteirao 44D', 1812),
(31, 'Quarteirao 45A', 1813),
(31, 'Quarteirao 45B', 1814),
(31, 'Quarteirao 45C', 1815),
(31, 'Quarteirao 45D', 1816),
(31, 'Quarteirao 45E', 1817),
(31, 'Quarteirao 45F', 1818),
(31, 'Quarteirao 45G', 1819),
(31, 'Quarteirao 45H', 1820),
(31, 'Quarteirao 46A', 1821),
(31, 'Quarteirao 46B', 1822),
(31, 'Quarteirao 46C', 1823),
(31, 'Quarteirao 47A', 1824),
(31, 'Quarteirao 47B', 1825),
(31, 'Quarteirao 48A', 1826),
(31, 'Quarteirao 48B', 1827),
(31, 'Quarteirao 49A', 1828),
(31, 'Quarteirao 49B', 1829),
(31, 'Quarteirao 50', 1830),
(31, 'Quarteirao 51', 1831),
(31, 'Quarteirao 52', 1832),
(31, 'Quarteirao 53', 1833),
(31, 'Quarteirao 53A', 1834),
(31, 'Quarteirao 53B', 1835),
(31, 'Quarteirao 53C', 1836),
(32, 'Quarteirao 1A', 1837),
(32, 'Quarteirao 1B', 1838),
(32, 'Quarteirao 2A', 1839),
(32, 'Quarteirao 2B', 1840),
(32, 'Quarteirao 2C', 1841),
(32, 'Quarteirao 3', 1842),
(32, 'Quarteirao 4', 1843),
(32, 'Quarteirao 5', 1844),
(32, 'Quarteirao 6A', 1845),
(32, 'Quarteirao 6B', 1846),
(32, 'Quarteirao 6C', 1847),
(32, 'Quarteirao 6D', 1848),
(32, 'Quarteirao 7A', 1849),
(32, 'Quarteirao 7B', 1850),
(32, 'Quarteirao 7C', 1851),
(32, 'Quarteirao 8A', 1852),
(32, 'Quarteirao 8B', 1853),
(32, 'Quarteirao 9A', 1854),
(32, 'Quarteirao 9B', 1855),
(32, 'Quarteirao 9C', 1856),
(32, 'Quarteirao 10A', 1857),
(32, 'Quarteirao 10B', 1858),
(32, 'Quarteirao 11A', 1859),
(32, 'Quarteirao 11B', 1860),
(32, 'Quarteirao 12', 1861),
(32, 'Quarteirao 13', 1862),
(32, 'Quarteirao 14A', 1863),
(32, 'Quarteirao 14B', 1864),
(32, 'Quarteirao 14C', 1865),
(32, 'Quarteirao 15', 1866),
(32, 'Quarteirao 16', 1867),
(32, 'Quarteirao 17A', 1868),
(32, 'Quarteirao 17B', 1869),
(32, 'Quarteirao 18A', 1870),
(32, 'Quarteirao 18B', 1871),
(32, 'Quarteirao 18C', 1872),
(32, 'Quarteirao 19A', 1873),
(32, 'Quarteirao 19B', 1874),
(32, 'Quarteirao 19C', 1875),
(32, 'Quarteirao 19D', 1876),
(32, 'Quarteirao 20A', 1877),
(32, 'Quarteirao 20B', 1878),
(32, 'Quarteirao 20C', 1879),
(32, 'Quarteirao 20D', 1880),
(32, 'Quarteirao 21A', 1881),
(32, 'Quarteirao 21B', 1882),
(32, 'Quarteirao 22A', 1883),
(32, 'Quarteirao 22B', 1884),
(32, 'Quarteirao 22C', 1885),
(32, 'Quarteirao 23A', 1886),
(32, 'Quarteirao 23B', 1887),
(32, 'Quarteirao 23C', 1888),
(32, 'Quarteirao 23D', 1889),
(32, 'Quarteirao 24A', 1890),
(32, 'Quarteirao 24B', 1891),
(32, 'Quarteirao 24C', 1892),
(32, 'Quarteirao 24D', 1893),
(32, 'Quarteirao 25A', 1894),
(32, 'Quarteirao 25B', 1895),
(32, 'Quarteirao 25C', 1896),
(32, 'Quarteirao 25D', 1897),
(32, 'Quarteirao 26A', 1898),
(32, 'Quarteirao 26B', 1899),
(32, 'Quarteirao 27A', 1900),
(32, 'Quarteirao 27B', 1901);
INSERT INTO `quarteiroes` (`bairro_id`, `nome`, `id`) VALUES
(32, 'Quarteirao 27C', 1902),
(32, 'Quarteirao 27D', 1903),
(32, 'Quarteirao 28A', 1904),
(32, 'Quarteirao 28D', 1905),
(32, 'Quarteirao 28E', 1906),
(32, 'Quarteirao 28F', 1907),
(32, 'Quarteirao 29A', 1908),
(32, 'Quarteirao 29B', 1909),
(32, 'Quarteirao 30A', 1910),
(32, 'Quarteirao 30B', 1911),
(32, 'Quarteirao 30C', 1912),
(32, 'Quarteirao 30D', 1913),
(32, 'Quarteirao 31A', 1914),
(32, 'Quarteirao 31B', 1915),
(32, 'Quarteirao 321', 1916),
(32, 'Quarteirao 32A', 1917),
(32, 'Quarteirao 32B', 1918),
(32, 'Quarteirao 32C', 1919),
(32, 'Quarteirao 32D', 1920),
(32, 'Quarteirao 32E', 1921),
(32, 'Quarteirao 32F', 1922),
(32, 'Quarteirao 32G', 1923),
(32, 'Quarteirao 32H', 1924),
(32, 'Quarteirao 34', 1925),
(32, 'Quarteirao 35', 1926),
(32, 'Quarteirao 36', 1927),
(32, 'Quarteirao 37', 1928),
(32, 'Quarteirao 38', 1929),
(32, 'Quarteirao 39', 1930),
(32, 'Quarteirao 40', 1931),
(32, 'Quarteirao 41', 1932),
(32, 'Quarteirao 42', 1933),
(32, 'Quarteirao 44', 1934),
(33, 'Quarteirao 1', 1935),
(33, 'Quarteirao 2', 1936),
(33, 'Quarteirao 3', 1937),
(33, 'Quarteirao 4', 1938),
(33, 'Quarteirao 5', 1939),
(33, 'Quarteirao 6', 1940),
(33, 'Quarteirao 7A', 1941),
(33, 'Quarteirao 8', 1942),
(33, 'Quarteirao 9', 1943),
(33, 'Quarteirao 10', 1944),
(33, 'Quarteirao 11', 1945),
(33, 'Quarteirao 12', 1946),
(33, 'Quarteirao 13', 1947),
(33, 'Quarteirao 14A', 1948),
(33, 'Quarteirao 15', 1949),
(33, 'Quarteirao 16A', 1950),
(33, 'Quarteirao 17A', 1951),
(33, 'Quarteirao 18', 1952),
(33, 'Quarteirao 19', 1953),
(33, 'Quarteirao 20', 1954),
(33, 'Quarteirao 21', 1955),
(33, 'Quarteirao 22A', 1956),
(33, 'Quarteirao 23', 1957),
(33, 'Quarteirao 24', 1958),
(33, 'Quarteirao 25', 1959),
(33, 'Quarteirao 26', 1960),
(33, 'Quarteirao 29C', 1961),
(33, 'Quarteirao 27', 1962),
(33, 'Quarteirao 28', 1963),
(33, 'Quarteirao 29A', 1964),
(33, 'Quarteirao 30', 1965),
(33, 'Quarteirao 31', 1966),
(33, 'Quarteirao 32', 1967),
(33, 'Quarteirao 33', 1968),
(33, 'Quarteirao 34', 1969),
(33, 'Quarteirao 35', 1970),
(33, 'Quarteirao 36', 1971),
(33, 'Quarteirao 37', 1972),
(33, 'Quarteirao 38', 1973),
(33, 'Quarteirao 39A', 1974),
(33, 'Quarteirao 40A', 1975),
(33, 'Quarteirao 42', 1976),
(33, 'Quarteirao 43', 1977),
(33, 'Quarteirao 44', 1978),
(33, 'Quarteirao 45', 1979),
(33, 'Quarteirao 46', 1980),
(33, 'Quarteirao 47A', 1981),
(33, 'Quarteirao 48', 1982),
(33, 'Quarteirao 49', 1983),
(33, 'Quarteirao 50', 1984),
(33, 'Quarteirao 51', 1985),
(33, 'Quarteirao 52', 1986),
(33, 'Quarteirao 53', 1987),
(33, 'Quarteirao 54', 1988),
(33, 'Quarteirao 55', 1989),
(33, 'Quarteirao 56', 1990),
(33, 'Quarteirao 57', 1991),
(33, 'Quarteirao 58', 1992),
(33, 'Quarteirao 59', 1993),
(33, 'Quarteirao 60', 1994),
(33, 'Quarteirao 61', 1995),
(33, 'Quarteirao 62A', 1996),
(33, 'Quarteirao 65', 1997),
(33, 'Quarteirao 66A', 1998),
(33, 'Quarteirao 67A', 1999),
(33, 'Quarteirao 68A', 2000),
(33, 'Quarteirao 69', 2001),
(33, 'Quarteirao 70', 2002),
(33, 'Quarteirao 71', 2003),
(33, 'Quarteirao 64', 2004),
(33, 'Quarteirao 72', 2005),
(33, 'Quarteirao 73', 2006),
(33, 'Quarteirao 74', 2007),
(33, 'Quarteirao 75', 2008),
(33, 'Quarteirao 76A', 2009),
(33, 'Quarteirao 77', 2010),
(33, 'Quarteirao 78', 2011),
(33, 'Quarteirao 79', 2012),
(33, 'Quarteirao 80A', 2013),
(33, 'Quarteirao 81', 2014),
(33, 'Quarteirao 82', 2015),
(33, 'Quarteirao 83', 2016),
(33, 'Quarteirao 84', 2017),
(33, 'Quarteirao 85', 2018),
(33, 'Quarteirao 86', 2019),
(33, 'Quarteirao 87', 2020),
(33, 'Quarteirao 88', 2021),
(33, 'Quarteirao 89', 2022),
(33, 'Quarteirao 91', 2023),
(33, 'Quarteirao 92', 2024),
(33, 'Quarteirao 93', 2025),
(33, 'Quarteirao 94', 2026),
(33, 'Quarteirao 95', 2027),
(33, 'Quarteirao 96', 2028),
(33, 'Quarteirao 97', 2029),
(33, 'Quarteirao 98', 2030),
(33, 'Quarteirao 99', 2031),
(33, 'Quarteirao 100', 2032),
(33, 'Quarteirao 101', 2033),
(33, 'Quarteirao 102', 2034),
(33, 'Quarteirao 103', 2035),
(33, 'Quarteirao 104', 2036),
(33, 'Quarteirao 105', 2037),
(33, 'Quarteirao 106', 2038),
(33, 'Quarteirao 107', 2039),
(33, 'Quarteirao 108', 2040),
(33, 'Quarteirao 109', 2041),
(33, 'Quarteirao 110', 2042),
(33, 'Quarteirao 111', 2043),
(33, 'Quarteirao 112', 2044),
(33, 'Quarteirao 113A', 2045),
(33, 'Quarteirao 114A', 2046),
(33, 'Quarteirao 115', 2047),
(33, 'Quarteirao 116A', 2048),
(33, 'Quarteirao 117A', 2049),
(33, 'Quarteirao 118A', 2050),
(33, 'Quarteirao 119A', 2051),
(33, 'Quarteirao 120A', 2052),
(33, 'Quarteirao 121A', 2053),
(33, 'Quarteirao 122', 2054),
(33, 'Quarteirao 123', 2055),
(33, 'Quarteirao 124', 2056),
(33, 'Quarteirao 125', 2057),
(33, 'Quarteirao 126', 2058),
(33, 'Quarteirao 127', 2059),
(33, 'Quarteirao 7B', 2060),
(33, 'Quarteirao 16B', 2061),
(33, 'Quarteirao 17B', 2062),
(33, 'Quarteirao 22B', 2063),
(33, 'Quarteirao 22C', 2064),
(33, 'Quarteirao 29B', 2065),
(33, 'Quarteirao 29C', 2066),
(33, 'Quarteirao 39B', 2067),
(33, 'Quarteirao 41B', 2068),
(33, 'Quarteirao 41A', 2069),
(33, 'Quarteirao 47B', 2070),
(33, 'Quarteirao 62B', 2071),
(33, 'Quarteirao 66B', 2072),
(33, 'Quarteirao 67B', 2073),
(33, 'Quarteirao 67C', 2074),
(33, 'Quarteirao 68B', 2075),
(33, 'Quarteirao 68C', 2076),
(33, 'Quarteirao 68D', 2077),
(33, 'Quarteirao 76B', 2078),
(33, 'Quarteirao 80B', 2079),
(33, 'Quarteirao 117C', 2080),
(33, 'Quarteirao 113B', 2081),
(33, 'Quarteirao 114B', 2082),
(33, 'Quarteirao 116B', 2083),
(33, 'Quarteirao 117B', 2084),
(33, 'Quarteirao 117C', 2085),
(33, 'Quarteirao 118B', 2086),
(33, 'Quarteirao 119B', 2087),
(33, 'Quarteirao 120B', 2088),
(33, 'Quarteirao 120C', 2089),
(33, 'Quarteirao 121B', 2090),
(33, 'Quarteirao 122B', 2091),
(33, 'Quarteirao 122C', 2092),
(33, 'Quarteirao 119A', 2093),
(33, 'Quarteirao 14B', 2094),
(33, 'Quarteirao 40B', 2095),
(33, 'Quarteirao 63', 2096),
(33, 'Quarteirao 41C', 2097),
(35, 'Quarteirao 1', 2121),
(35, 'Quarteirao 2', 2122),
(35, 'Quarteirao 3', 2123),
(35, 'Quarteirao 4', 2124),
(35, 'Quarteirao 5', 2125),
(35, 'Quarteirao 6', 2126),
(35, 'Quarteirao 7', 2127),
(35, 'Quarteirao 8', 2128),
(35, 'Quarteirao 9', 2129),
(35, 'Quarteirao 10', 2130),
(35, 'Quarteirao 11', 2131),
(35, 'Quarteirao 12', 2132),
(36, 'Quarteirao 1', 2133),
(36, 'Quarteirao 2', 2134),
(36, 'Quarteirao 3', 2135),
(36, 'Quarteirao 4', 2136),
(36, 'Quarteirao 5', 2137),
(36, 'Quarteirao 6', 2138),
(36, 'Quarteirao 7', 2139),
(36, 'Quarteirao 8', 2140),
(36, 'Quarteirao 10', 2141),
(36, 'Quarteirao 11', 2142),
(36, 'Quarteirao 12', 2143),
(36, 'Quarteirao 13', 2144),
(36, 'Quarteirao 14', 2145),
(36, 'Quarteirao 15', 2146),
(36, 'Quarteirao 16', 2147),
(36, 'Quarteirao 17', 2148),
(36, 'Quarteirao 18', 2149),
(36, 'Quarteirao 19', 2150),
(36, 'Quarteirao 20', 2151),
(36, 'Quarteirao 21', 2152),
(36, 'Quarteirao 22', 2153),
(36, 'Quarteirao 23', 2154),
(36, 'Quarteirao 24', 2155),
(36, 'Quarteirao 25', 2156),
(36, 'Quarteirao 26', 2157),
(36, 'Quarteirao 27', 2158),
(36, 'Quarteirao 28', 2159),
(36, 'Quarteirao 29', 2160),
(36, 'Quarteirao 30', 2161),
(36, 'Quarteirao 31', 2162),
(36, 'Quarteirao 32', 2163),
(36, 'Quarteirao 33', 2164),
(36, 'Quarteirao 34', 2165),
(36, 'Quarteirao 35', 2166),
(36, 'Quarteirao 36', 2167),
(36, 'Quarteirao 37', 2168),
(36, 'Quarteirao 38', 2169),
(36, 'Quarteirao 39', 2170),
(36, 'Quarteirao 40', 2171),
(36, 'Quarteirao 41', 2172),
(36, 'Quarteirao 42', 2173),
(36, 'Quarteirao 43', 2174),
(36, 'Quarteirao 44', 2175),
(36, 'Quarteirao 45', 2176),
(36, 'Quarteirao 46', 2177),
(36, 'Quarteirao 47', 2178),
(36, 'Quarteirao 48', 2179),
(36, 'Quarteirao 49', 2180),
(36, 'Quarteirao 50', 2181),
(36, 'Quarteirao 51', 2182),
(36, 'Quarteirao 52', 2183),
(36, 'Quarteirao 53', 2184),
(36, 'Quarteirao 54', 2185),
(36, 'Quarteirao 55', 2186),
(36, 'Quarteirao 56', 2187),
(36, 'Quarteirao 57', 2188),
(36, 'Quarteirao 58', 2189),
(36, 'Quarteirao 59', 2190),
(36, 'Quarteirao 60', 2191),
(36, 'Quarteirao 61', 2192),
(36, 'Quarteirao 62', 2193),
(36, 'Quarteirao 63', 2194),
(36, 'Quarteirao 64', 2195),
(36, 'Quarteirao 65', 2196),
(36, 'Quarteirao 66', 2197),
(36, 'Quarteirao 67', 2198),
(36, 'Quarteirao 68', 2199),
(36, 'Quarteirao 69', 2200),
(36, 'Quarteirao 70', 2201),
(36, 'Quarteirao 71', 2202),
(36, 'Quarteirao 72', 2203),
(36, 'Quarteirao 73', 2204),
(36, 'Quarteirao 74', 2205),
(36, 'Quarteirao 75', 2206),
(36, 'Quarteirao 76', 2207),
(36, 'Quarteirao 77', 2208),
(36, 'Quarteirao 78', 2209),
(36, 'Quarteirao 79', 2210),
(36, 'Quarteirao 80-Vila olímpica', 2211),
(36, 'Quarteirao 80', 2212),
(36, 'Quarteirao 81', 2213),
(36, 'Quarteirao 82', 2214),
(36, 'Quarteirao 83', 2215),
(36, 'Quarteirao 84', 2216),
(36, 'Quarteirao 85', 2217),
(36, 'Quarteirao 86', 2218),
(36, 'Quarteirao 87', 2219),
(36, 'Quarteirao 88', 2220),
(36, 'Quarteirao 89', 2221),
(36, 'Quarteirao 90', 2222),
(36, 'Quarteirao 91', 2223),
(36, 'Quarteirao 92', 2224),
(36, 'Quarteirao 11A', 2225),
(37, 'Quarteirao 1', 2226),
(37, 'Quarteirao 2', 2227),
(37, 'Quarteirao 3', 2228),
(37, 'Quarteirao 4', 2229),
(37, 'Quarteirao 5', 2230),
(37, 'Quarteirao 6', 2231),
(37, 'Quarteirao 7', 2232),
(37, 'Quarteirao 8', 2233),
(37, 'Quarteirao 09', 2234),
(37, 'Quarteirao 10', 2235),
(37, 'Quarteirao 11', 2236),
(37, 'Quarteirao 12', 2237),
(37, 'Quarteirao 13', 2238),
(37, 'Quarteirao 14', 2239),
(37, 'Quarteirao 15', 2240),
(37, 'Quarteirao 16', 2241),
(37, 'Quarteirao 17', 2242),
(37, 'Quarteirao 18', 2243),
(37, 'Quarteirao 19', 2244),
(37, 'Quarteirao 20', 2245),
(37, 'Quarteirao 21', 2246),
(37, 'Quarteirao 22', 2247),
(37, 'Quarteirao 23', 2248),
(37, 'Quarteirao 24', 2249),
(37, 'Quarteirao 25', 2250),
(37, 'Quarteirao 26', 2251),
(37, 'Quarteirao 27', 2252),
(37, 'Quarteirao 28', 2253),
(37, 'Quarteirao 29', 2254),
(37, 'Quarteirao 30', 2255),
(37, 'Quarteirao 31', 2256),
(37, 'Quarteirao 32', 2257),
(37, 'Quarteirao 33', 2258),
(37, 'Quarteirao 34', 2259),
(37, 'Quarteirao 35', 2260),
(37, 'Quarteirao36', 2261),
(37, 'Quarteirao 37', 2262),
(37, 'Quarteirao 38', 2263),
(37, 'Quarteirao 39', 2264),
(37, 'Quarteirao 40', 2265),
(37, 'Quarteirao 41', 2266),
(37, 'Quarteirao 42', 2267),
(37, 'Quarteirao 43', 2268),
(37, 'Quarteirao 44', 2269),
(37, 'Quarteirao 45', 2270),
(37, 'Quarteirao 46', 2271),
(37, 'Quarteirao 47', 2272),
(37, 'Quarteirao 48', 2273),
(37, 'Quarteirao 49', 2274),
(37, 'Quarteirao 50', 2275),
(37, 'Quarteirao 51', 2276),
(37, 'Quarteirao 52', 2277),
(37, 'Quarteirao 53', 2278),
(37, 'Quarteirao 54', 2279),
(37, 'Quarteirao 55', 2280),
(37, 'Quarteirao 56', 2281),
(37, 'Quarteirao 57', 2282),
(38, 'Quarteirao 1', 2283),
(38, 'Quarteirao 2', 2284),
(38, 'Quarteirao 3', 2285),
(38, 'Quarteirao 4', 2286),
(38, 'Quarteirao 5', 2287),
(38, 'Quarteirao 6', 2288),
(38, 'Quarteirao 7', 2289),
(38, 'Quarteirao 8', 2290),
(38, 'Quarteirao 9', 2291),
(38, 'Quarteirao 10', 2292),
(38, 'Quarteirao 11', 2293),
(38, 'Quarteirao 12', 2294),
(38, 'Quarteirao 14', 2295),
(38, 'Quarteirao 15', 2296),
(38, 'Quarteirao 13', 2297),
(38, 'Quarteirao 16', 2298),
(38, 'Quarteirao 17', 2299),
(38, 'Quarteirao 18', 2300),
(38, 'Quarteirao 19', 2301),
(38, 'Quarteirao 20', 2302),
(38, 'Quarteirao 21', 2303),
(38, 'Quarteirao 24', 2304),
(38, 'Quarteirao 25', 2305),
(38, 'Quarteirao 26', 2306),
(38, 'Quarteirao 27', 2307),
(38, 'Quarteirao 28', 2308),
(38, 'Quarteirao 29', 2309),
(38, 'Quarteirao 30', 2310),
(38, 'Quarteirao 31', 2311),
(38, 'Quarteirao 32', 2312),
(38, 'Quarteirao 33', 2313),
(38, 'Quarteirao 34', 2314),
(38, 'Quarteirao 35', 2315),
(38, 'Quarteirao 36', 2316),
(38, 'Quarteirao 37', 2317),
(38, 'Quarteirao 38', 2318),
(38, 'Quarteirao 39', 2319),
(38, 'Quarteirao 40', 2320),
(38, 'Quarteirao 41', 2321),
(38, 'Quarteirao 42', 2322),
(38, 'Quarteirao 43', 2323),
(38, 'Quarteirao 44', 2324),
(38, 'Quarteirao 45', 2325),
(38, 'Quarteirao 46', 2326),
(38, 'Quarteirao 47', 2327),
(38, 'Quarteirao 48', 2328),
(38, 'Quarteirao 49', 2329),
(38, 'Quarteirao 50', 2330),
(38, 'Quarteirao 51', 2331),
(38, 'Quarteirao 52', 2332),
(38, 'Quarteirao 53', 2333),
(38, 'Quarteirao 54', 2334),
(38, 'Quarteirao 55', 2335),
(38, 'Quarteirao 56', 2336),
(38, 'Quarteirao 57', 2337),
(38, 'Quarteirao 58', 2338),
(38, 'Quarteirao 59', 2339),
(38, 'Quarteirao 60', 2340),
(39, 'Quarteirao 1', 2341),
(39, 'Quarteirao 2', 2342),
(39, 'Quarteirao 3', 2343),
(39, 'Quarteirao 4', 2344),
(39, 'Quarteirao 5', 2345),
(39, 'Quarteirao 6', 2346),
(39, 'Quarteirao 9', 2347),
(39, 'Quarteirao 10', 2348),
(39, 'Quarteirao 11', 2349),
(39, 'Quarteirao 12', 2350),
(39, 'Quarteirao 13', 2351),
(39, 'Quarteirao 14', 2352),
(39, 'Quarteirao 15', 2353),
(39, 'Quarteirao 16', 2354),
(39, 'Quarteirao 17', 2355),
(39, 'Quarteirao 18', 2356),
(39, 'Quarteirao 19', 2357),
(39, 'Quarteirao 20', 2358),
(39, 'Quarteirao 21', 2359),
(39, 'Quarteirao 22', 2360),
(39, 'Quarteirao 23', 2361),
(39, 'Quarteirao 24', 2362),
(39, 'Quarteirao 25', 2363),
(39, 'Quarteirao 26', 2364),
(39, 'Quarteirao 27', 2365),
(39, 'Quarteirao 28', 2366),
(39, 'Quarteirao 29', 2367),
(39, 'Quarteirao 30', 2368),
(39, 'Quarteirao 31', 2369),
(39, 'Quarteirao 32', 2370),
(39, 'Quarteirao 33', 2371),
(39, 'Quarteirao 34', 2372),
(39, 'Quarteirao 35', 2373),
(39, 'Quarteirao 37', 2374),
(39, 'Quarteirao 38', 2375),
(39, 'Quarteirao 39', 2376),
(39, 'Quarteirao 41', 2377),
(39, 'Quarteirao 42', 2378),
(39, 'Quarteirao 43', 2379),
(39, 'Quarteirao 44', 2380),
(39, 'Quarteirao 45', 2381),
(39, 'Quarteirao 46', 2382),
(39, 'Quarteirao 47', 2383),
(39, 'Quarteirao 48', 2384),
(39, 'Quarteirao 49', 2385),
(39, 'Quarteirao 50', 2386),
(39, 'Quarteirao 51', 2387),
(39, 'Quarteirao 52', 2388),
(39, 'Quarteirao 53', 2389),
(39, 'Quarteirao 54', 2390),
(39, 'Quarteirao 55', 2391),
(39, 'Quarteirao 56', 2392),
(39, 'Quarteirao 57', 2393),
(39, 'Quarteirao 58', 2394),
(39, 'Quarteirao 59', 2395),
(39, 'Quarteirao 60', 2396),
(39, 'Quarteirao 61', 2397),
(39, 'Quarteirao 62', 2398),
(39, 'Quarteirao 63', 2399),
(39, 'Quarteirao 65', 2400),
(39, 'Quarteirao 67', 2401),
(39, 'Quarteirao 68', 2402),
(39, 'Quarteirao 69', 2403),
(39, 'Quarteirao 70', 2404),
(39, 'Quarteirao 71', 2405),
(39, 'Quarteirao 72', 2406),
(39, 'Quarteirao 73', 2407),
(39, 'Quarteirao 74', 2408),
(39, 'Quarteirao 75', 2409),
(39, 'Quarteirao 8', 2410),
(40, 'Quarteirao 1', 2411),
(40, 'Quarteirao 2', 2412),
(40, 'Quarteirao 3', 2413),
(40, 'Quarteirao 4', 2414),
(40, 'Quarteirao 5', 2415),
(40, 'Quarteirao 6', 2416),
(40, 'Quarteirao 7', 2417),
(40, 'Quarteirao 8', 2418),
(40, 'Quarteirao 9', 2419),
(40, 'Quarteirao 10', 2420),
(40, 'Quarteirao 11', 2421),
(40, 'Quarteirao 12', 2422),
(40, 'Quarteirao 13', 2423),
(40, 'Quarteirao 14', 2424),
(40, 'Quarteirao 15', 2425),
(40, 'Quarteirao 16', 2426),
(40, 'Quarteirao 17', 2427),
(40, 'Quarteirao 18', 2428),
(40, 'Quarteirao 19', 2429),
(40, 'Quarteirao 20', 2430),
(40, 'Quarteirao 21', 2431),
(40, 'Quarteirao 22', 2432),
(40, 'Quarteirao 23', 2433),
(40, 'Quarteirao 24', 2434),
(40, 'Quarteirao 25', 2435),
(40, 'Quarteirao 26', 2436),
(40, 'Quarteirao 27', 2437),
(40, 'Quarteirao 28', 2438),
(40, 'Quarteirao 29', 2439),
(40, 'Quarteirao 30', 2440),
(40, 'Quarteirao 31', 2441),
(40, 'Quarteirao 32', 2442),
(40, 'Quarteirao 33', 2443),
(40, 'Quarteirao 35', 2444),
(40, 'Quarteirao 36', 2445),
(40, 'Quarteirao 37', 2446),
(40, 'Quarteirao 38', 2447),
(40, 'Quarteirao 39', 2448),
(40, 'Quarteirao 40', 2449),
(40, 'Quarteirao 41', 2450),
(40, 'Quarteirao 42', 2451),
(41, 'Quarteirao 1', 2452),
(41, 'Quarteirao 2', 2453),
(41, 'Quarteirao 3', 2454),
(41, 'Quarteirao 4', 2455),
(41, 'Quarteirao 5', 2456),
(41, 'Quarteirao 6', 2457),
(41, 'Quarteirao 7', 2458),
(41, 'Quarteirao  7', 2459),
(41, 'Quarteirao 8', 2460),
(41, 'Quarteirao 9', 2461),
(41, 'Quarteirao 10', 2462),
(41, 'Quarteirao 11', 2463),
(41, 'Quarteirao 12', 2464),
(41, 'Quarteirao13', 2465),
(41, 'Quarteirao14', 2466),
(41, 'Quarteirao 15', 2467),
(41, 'Quarteirao 16', 2468),
(41, 'Quarteirao 17', 2469),
(41, 'Quarteirao 18', 2470),
(41, 'Quarteirao 19', 2471),
(41, 'Quarteirao 20', 2472),
(41, 'Quarteirao 22', 2473),
(41, 'Quarteirao 21', 2474),
(41, 'Quarteirao 23', 2475),
(41, 'Quarteirao 24', 2476),
(41, 'Quarteirao 25', 2477),
(41, 'Quarteirao 26', 2478),
(41, 'Quarteirao 27', 2479),
(41, 'Quarteirao 28', 2480),
(41, 'Quarteirao 29', 2481),
(41, 'Quarteirao 30', 2482),
(41, 'Quarteirao 31', 2483),
(41, 'Quarteirao 32', 2484),
(41, 'Quarteirão 33', 2485),
(41, 'Quarteirao 34', 2486),
(41, 'Quarteirao 35', 2487),
(41, 'Quarteirao 36', 2488),
(41, 'Quarteirao 37', 2489),
(41, 'Quarteirao 39', 2490),
(42, 'Quarteirao 1', 2491),
(42, 'Quarteirao 2', 2492),
(42, 'Quarteirao 3', 2493),
(42, 'Quarteirao 4', 2494),
(42, 'Quarteirao 5', 2495),
(42, 'Quarteirao 6', 2496),
(42, 'Quarteirao 7', 2497),
(42, 'Quarteirao 8', 2498),
(42, 'Quarteirao10', 2499),
(42, 'Quarteirao 11', 2500),
(42, 'Quarteirao 12', 2501),
(42, 'Quarteirao 13', 2502),
(42, 'Quarteirao 14', 2503),
(42, 'Quarteirao 15', 2504),
(42, 'Quarteirao 16', 2505),
(42, 'Quarteirao 17', 2506),
(42, 'Quarteirao 18', 2507),
(42, 'Quarteirao19', 2508),
(42, 'Quarteirao 20', 2509),
(42, 'Quarteirao 21', 2510),
(42, 'Quarteirao 22', 2511),
(42, 'Quarteirao 23', 2512),
(42, 'Quarteirao 24', 2513),
(42, 'Quarteirao 25', 2514),
(42, 'Quarteirao 26', 2515),
(42, 'Quarteirao 27', 2516),
(42, 'Quarteirao 28', 2517),
(42, 'Quarteirao 29', 2518),
(42, 'Quarteirao 30', 2519),
(42, 'Quarteirao 31', 2520),
(42, 'Quarteirao 32', 2521),
(42, 'Quarteirao 33', 2522),
(42, 'Quarteirao 34', 2523),
(42, 'Quarteirao 35', 2524),
(42, 'Quarteirao 36', 2525),
(42, 'Quarteirao 37', 2526),
(42, 'Quarteirao 38', 2527),
(42, 'Quarteirao 39', 2528),
(42, 'Quarteirao 40', 2529),
(42, 'Quarteirao 41', 2530),
(42, 'Quarteirao 42', 2531),
(42, 'Quarteirao 43', 2532),
(42, 'Quarteirao 44', 2533),
(42, 'Quarteirao 45', 2534),
(42, 'Quarteirao 46', 2535),
(42, 'Quarteirao 47', 2536),
(42, 'Quarteirao 48', 2537),
(42, 'Quarteirao 49', 2538),
(42, 'Quarteirao 50', 2539),
(42, 'Quarteirao 51', 2540),
(42, 'Quarteirao 52', 2541),
(42, 'Quarteirao 53', 2542),
(42, 'Quarteirao 55', 2543),
(42, 'Quarteirao 56', 2544),
(42, 'Quarteirao 57', 2545),
(42, 'Quarteirao 58', 2546),
(42, 'Quarteirao 59', 2547),
(42, 'Quarteirao 60', 2548),
(42, 'Quarteirao 61', 2549),
(42, 'Quarteirao 62', 2550),
(42, 'Quarteirao 63', 2551),
(42, 'Quarteirao 64', 2552),
(42, 'Quarteirao 65', 2553),
(42, 'Quarteirao 66', 2554),
(42, 'Quarteirao 67', 2555),
(42, 'Quarteirao 68', 2556),
(42, 'Quarteirao 69', 2557),
(42, 'Quarteirao 70', 2558),
(42, 'Quarteirao 71', 2559),
(42, 'Quarteirao 72', 2560),
(42, 'Quarteirao 73', 2561),
(42, 'Quarteirao 74', 2562),
(42, 'Quarteirao 75', 2563),
(42, 'Quarteirao 76', 2564),
(42, 'Quarteirao 77', 2565),
(42, 'Quarteirao 4A', 2566),
(42, 'Quarteirao 49A', 2567),
(42, 'UEM', 2568),
(43, 'Quarteirao 1', 2569),
(43, 'Quarteirao 2', 2570),
(43, 'Quarteirao 3', 2571),
(43, 'Quarteirao 4', 2572),
(43, 'Quarteirao 5', 2573),
(43, 'Quarteirao 6', 2574),
(43, 'Quarteirao 7', 2575),
(43, 'Quarteirao 8', 2576),
(43, 'Quarteirao 9', 2577),
(43, 'Quarteirao 11', 2578),
(43, 'Quarteirao 12', 2579),
(43, 'Quarteirao 13', 2580),
(43, 'Quarteirao 14', 2581),
(43, 'Quarteirao 15', 2582),
(43, 'Quarteirao 16', 2583),
(43, 'Quarteirao 17', 2584),
(43, 'Quarteirao 18', 2585),
(43, 'Quarteirao 19', 2586),
(43, 'Quarteirao 20', 2587),
(43, 'Quarteirao 21', 2588),
(43, 'Quarteirao 22', 2589),
(43, 'Quarteirao 23', 2590),
(43, 'Quarteirao 24', 2591),
(43, 'Quarteirao 25', 2592),
(43, 'Quarteirao 26', 2593),
(43, 'Quarteirao 27', 2594),
(43, 'Quarteirao 28', 2595),
(43, 'Quarteirao 29', 2596),
(43, 'Quarteirao 30', 2597),
(43, 'Quarteirao 31', 2598),
(43, 'Quarteirao 32', 2599),
(43, 'Quarteirao 33', 2600),
(43, 'Quarteirao 34', 2601),
(43, 'Quarteirao 35', 2602),
(43, 'Quarteirao 36', 2603),
(43, 'Quarteirao 37', 2604),
(43, 'Quarteirao 38', 2605),
(43, 'Quarteirao 39', 2606),
(43, 'Quarteirao 40B', 2607),
(43, 'Quarteirao 40', 2608),
(43, 'Quarteirao 41', 2609),
(43, 'Quarteirao 42', 2610),
(43, 'Quarteirao 43', 2611),
(43, 'Quarteirao 44', 2612),
(43, 'Quarteirao 45', 2613),
(43, 'Quarteirao 46', 2614),
(43, 'Quarteirao 47', 2615),
(43, 'Quarteirao 48', 2616),
(43, 'Quarteirao 49', 2617),
(43, 'Quarteirao 51', 2618),
(43, 'Quarteirao 52', 2619),
(43, 'Quarteirao 53', 2620),
(43, 'Quarteirao 54', 2621),
(43, 'Quarteirao 55', 2622),
(44, 'Quarteirao 1', 2623),
(44, 'Quarteirao 2', 2624),
(44, 'Quarteirao 3', 2625),
(44, 'Quarteirao 4', 2626),
(44, 'Quarteirao 5', 2627),
(44, 'Quarteirao 6', 2628),
(44, 'Quarteirao 7', 2629),
(44, 'Quarteirao 8', 2630),
(44, 'Quarteirao  9', 2631),
(44, 'Quarteirao 10', 2632),
(44, 'Quarteirao11', 2633),
(44, 'Quarteirao 12', 2634),
(44, 'Quarteirao 13', 2635),
(44, 'Quarteirao 14', 2636),
(44, 'Quarteirao 15', 2637),
(44, 'Quarteirao 16', 2638),
(44, 'Quarteirao 17', 2639),
(44, 'Quarteirao 18', 2640),
(44, 'Quarteirao 19', 2641),
(44, 'Quarteirao 20', 2642),
(44, 'Quarteirao 20', 2643),
(44, 'Quarteirao 21', 2644),
(44, 'Quarteirao 22', 2645),
(44, 'Quarteirao 23', 2646),
(44, 'Quarteirao 24', 2647),
(44, 'Quarteirao 25', 2648),
(44, 'Quarteirao 26', 2649),
(44, 'Quarteirao 27', 2650),
(45, 'Quarteirao 1', 2651),
(45, 'Quarteirao 2', 2652),
(45, 'Quarteirao 3', 2653),
(45, 'Quarteirao 4', 2654),
(46, 'Quarteirao 1', 2655),
(46, 'Quarteirao 2', 2656),
(46, 'Quarteirao 3', 2657),
(47, 'Quarteirao 1', 2658),
(47, 'Quarteirao 2', 2659),
(47, 'Quarteirao 3', 2660),
(47, 'Quarteirao 4', 2661),
(47, 'Quarteirao 5', 2662),
(48, 'Quarteirao 1', 2663),
(48, 'Quarteirao 2', 2664),
(48, 'Quarteirao 3', 2665),
(48, 'Quarteirao 4A', 2666),
(48, 'Quarteirao 5', 2667),
(48, 'Quarteirao 6', 2668),
(48, 'Quarteirao 7', 2669),
(48, 'Quarteirao 8', 2670),
(48, 'Quarteirao 9', 2671),
(48, 'Quarteirao 10A', 2672),
(48, 'Quarteirao 11', 2673),
(48, 'Quarteirao 12', 2674),
(48, 'Quarteirao 13', 2675),
(48, 'Quarteirao 4B', 2676),
(48, 'Quarteirao 10B', 2677),
(48, 'Quarteirao 10C', 2678),
(49, 'Quarteirao 1', 2679),
(49, 'Quarteirao 2', 2680),
(49, 'Quarteirao 3', 2681),
(49, 'Quarteirao 4', 2682),
(49, 'Quarteirao 5', 2683),
(49, 'Quarteirao 6', 2684),
(49, 'Quarteirao 7', 2685),
(49, 'Quarteirao 8', 2686),
(49, 'Quarteirao 9', 2687),
(49, 'Quarteirao 10', 2688),
(49, 'Quarteirao 11', 2689),
(49, 'Quarteirao 12', 2690),
(49, 'Quarteirao 13', 2691),
(49, 'Quarteirao 14', 2692),
(49, 'Quarteirao 15', 2693),
(49, 'Quarteirao 16', 2694),
(50, 'Quarteirao 1', 2695),
(50, 'Quarteirao 2', 2696),
(50, 'Quarteirao 3A', 2697),
(50, 'Quarteirao 3B', 2698),
(50, 'Quarteirao 4', 2699),
(50, 'Quarteirao 5', 2700),
(50, 'Quarteirao 6', 2701),
(50, 'Quarteirao 7', 2702),
(50, 'Quarteirao 8', 2703),
(50, 'Quarteirao 3B', 2704),
(51, 'Quarteirao 1', 2705),
(51, 'Quarteirao 2', 2706),
(51, 'Quarteirao 3', 2707),
(51, 'Quarteirao 4', 2708),
(51, 'Quarteirao 5', 2709),
(51, 'Quarteirao 6', 2710),
(51, 'Quarteirao 7', 2711),
(51, 'Quarteirao 8', 2712),
(51, 'Quarteirao 9', 2713),
(51, 'Quarteirao 10', 2714),
(51, 'Quarteirao11', 2715),
(51, 'Quarteirao 12', 2716),
(51, 'Quarteirao 13', 2717),
(51, 'Quarteirao 14', 2718),
(51, 'Quarteirao 15', 2719),
(51, 'Quarteirao 16', 2720),
(51, 'Quarteirao 17', 2721),
(51, 'Quarteirao 18', 2722),
(52, 'Quarteirao 1', 2723),
(52, 'Quarteirao 2', 2724),
(52, 'Quarteirao 3', 2725),
(52, 'Quarteirao 4', 2726),
(52, 'Quarteirao 5', 2727),
(52, 'Quarteirao 6', 2728),
(52, 'Quarteirao 7', 2729),
(52, 'Quarteirao 8', 2730),
(53, 'Quarteirao 1', 2731),
(53, 'Quarteirao 2', 2732),
(53, 'Quarteirao 3', 2733),
(53, 'Quarteirao 4', 2734),
(53, 'Quarteirao 5', 2735),
(53, 'Quarteirao 6', 2736),
(53, 'Quarteirao 7', 2737),
(53, 'Quarteirao 08', 2738),
(53, 'Quarteirao 09', 2739),
(53, 'Quarteirao 10', 2740),
(53, 'Quarteirao 11', 2741),
(53, 'Quarteirao 12', 2742),
(53, 'Quarteirao 13', 2743),
(53, 'Quarteirao 14', 2744),
(53, 'Quarteirao 15', 2745),
(53, 'Quarteirao 16', 2746),
(53, 'Quarteirao 17', 2747),
(53, 'Quarteirao 18', 2748),
(53, 'Quarteirao 19', 2749),
(53, 'Quarteirao 20', 2750),
(53, 'Quarteirao 21', 2751),
(53, 'Quarteirao 22', 2752),
(53, 'Quarteirao 23', 2753),
(53, 'Quarteirao 24', 2754),
(53, 'Quarteirao 25', 2755),
(53, 'Quarteirao 26', 2756),
(53, 'Quarteirao 27', 2757),
(53, 'Quarteirao 28', 2758),
(53, 'Quarteirao 29', 2759),
(53, 'Quarteirao 30', 2760),
(53, 'Quarteirao 31', 2761),
(53, 'Quarteirao 32', 2762),
(53, 'Quarteirao 33', 2763),
(53, 'Quarteirao 34', 2764),
(53, 'Quarteirao 35', 2765),
(53, 'Quarteirao 36', 2766),
(53, 'Quarteirao 37', 2767),
(53, 'Quarteirao 38', 2768),
(53, 'Quarteirao 39', 2769),
(53, 'Quarteirao 40', 2770),
(53, 'Quarteirao 41', 2771),
(53, 'Quarteirao 42', 2772),
(53, 'Quarteirao 43', 2773),
(54, 'Quarteirao 1', 2774),
(54, 'Quarteirao 2', 2775),
(54, 'Quarteirao 3', 2776),
(54, 'Quarteirao  4', 2777),
(54, 'Quarteirao 5', 2778),
(54, 'Quarteirao 6', 2779),
(54, 'Quarteirao 7', 2780),
(54, 'Quarteirao 8', 2781),
(54, 'Quarteirao 9', 2782),
(54, 'Quarteirao 10', 2783),
(54, 'Quarteirao 11', 2784),
(54, 'Quarteirao 12', 2785),
(54, 'Quarteirao 13', 2786),
(54, 'Quarteirao 14', 2787),
(54, 'Quarteirao 15', 2788),
(54, 'Quarteirao 16', 2789),
(54, 'Quarteirao 17', 2790),
(54, 'Quarteirao 18', 2791),
(54, 'Quarteirao 19', 2792),
(54, 'Quarteirao 20', 2793),
(54, 'Quarteirao 21', 2794),
(54, 'Quarteirao 22', 2795),
(54, 'Quarteirao 23', 2796),
(54, 'Quarteirao 24', 2797),
(54, 'Quarteirao 25', 2798),
(54, 'Quarteirao 26', 2799),
(54, 'Quarteirao 27B', 2800),
(54, 'Quarteirao 27A', 2801),
(54, 'Quarteirao 28', 2802),
(54, 'Quarteirao 29A', 2803),
(54, 'Quarteirao 29B', 2804),
(54, 'Quarteirao 30', 2805),
(54, 'Quarteirao 31', 2806),
(54, 'Quarteirao 32', 2807),
(54, 'Quarteirao 33', 2808),
(54, 'Quarteirao 34', 2809),
(54, 'Quarteirao 35', 2810),
(54, 'Quarteirao 36', 2811),
(54, 'Quarteirao 37', 2812),
(54, 'Quarteirao 38', 2813),
(54, 'Quarteirao 39', 2814),
(54, 'Quarteirao 40', 2815),
(54, 'Quarteirao 41', 2816),
(54, 'Quarteirao 42', 2817),
(54, 'Quarteirao 43', 2818),
(54, 'Quarteirao 44A', 2819),
(54, 'Quarteirao 44B', 2820),
(55, 'Quarteirao 1', 2821),
(55, 'Quarteirao 2', 2822),
(55, 'Quarteirao 3', 2823),
(55, 'Quarteirao 4', 2824),
(55, 'Quarteirao 5', 2825),
(55, 'Quarteirao 6', 2826),
(55, 'Quarteirao 7', 2827),
(55, 'Quarteirao 8', 2828),
(55, 'Quarteirao 9', 2829),
(55, 'Quarteirao 10', 2830),
(55, 'Quarteirao 11', 2831),
(55, 'Quarteirao 12', 2832),
(55, 'Quarteirao 13', 2833),
(55, 'Quarteirao 14', 2834),
(55, 'Quarteirao 15', 2835),
(55, 'Quarteirao 15C', 2836),
(55, 'Quarteirao 16', 2837),
(55, 'Quarteirao 17', 2838),
(55, 'Quarteirao 14A', 2839),
(55, 'Quarteirao 14B', 2840),
(55, 'Quarteirao 15A', 2841),
(56, 'Quarteirao 1', 2842),
(56, 'Quarteirao 2', 2843),
(56, 'Quarteirao 3', 2844),
(56, 'Quarteirao 4', 2845),
(56, 'Quarteirao 5', 2846),
(56, 'Quarteirao 6', 2847),
(56, 'Quarteirao 7', 2848),
(56, 'Quarteirao 8', 2849),
(56, 'Quarteirao 9', 2850),
(56, 'Quarteirao 10', 2851),
(56, 'Quarteirao 11', 2852),
(56, 'Quarteirao 12', 2853),
(56, 'Quarteirao 13', 2854),
(56, 'Quarteirao 14', 2855),
(56, 'Quarteirao 15', 2856),
(56, 'Quarteirao16', 2857),
(56, 'Quarteirao 16', 2858),
(56, 'Quarteirao 17', 2859),
(56, 'Quarteirao 18', 2860),
(56, 'Quarteirao 19', 2861),
(56, 'Quarteirao 20', 2862),
(56, 'Quarteirao 21', 2863),
(56, 'Quarteirao 22', 2864),
(56, 'Quarteirao 23', 2865),
(57, 'Quarteirao 1', 2866),
(57, 'Quarteirao 2', 2867),
(57, 'Quarteirao 3', 2868),
(57, 'Quarteirao 4', 2869),
(57, 'Quarteirao 5', 2870),
(57, 'Quarteirao 6', 2871),
(57, 'Quarteirao 7', 2872),
(57, 'Quarteirao 8', 2873),
(57, 'Quarteirao 9', 2874),
(57, 'Quarteirao 10', 2875),
(57, 'Quarteirao 11', 2876),
(57, 'Quarteirao 12', 2877),
(57, 'Quarteirao 13', 2878),
(57, 'Quarteirao 14', 2879),
(57, 'Quarteirao 15', 2880),
(57, 'Quarteirao 16', 2881),
(57, 'Quarteirao 17', 2882),
(57, 'Quarteirao 18', 2883),
(57, 'Quarteirao 19', 2884),
(57, 'Quarteirao 20', 2885),
(57, 'Quarteirao 21', 2886),
(57, 'Quarteirao 22', 2887),
(57, 'Quarteirao 23', 2888),
(57, 'Quarteirao 24', 2889),
(57, 'Quarteirao 25', 2890),
(57, 'Quarteirao 26', 2891),
(57, 'Quarteirao 27', 2892),
(57, 'Quarteirao 28', 2893),
(57, 'Quarteirao 29', 2894),
(57, 'Quarteirao 1A', 2895),
(57, 'Quarteirao 2A', 2896),
(57, 'Quarteirao 9A', 2897),
(57, 'Quarteirao 9B', 2898),
(57, 'Quarteirao 10A', 2899),
(57, 'Quarteirao 10B', 2900),
(57, 'Quarteirao 10C', 2901),
(57, 'Quarteirao 11A', 2902),
(57, 'Quarteirao 11B', 2903),
(57, 'Quarteirao 11C', 2904),
(57, 'Quarteirao 11D', 2905),
(57, 'Quarteirao 12A', 2906),
(57, 'Quarteirao 12B', 2907),
(57, 'Quarteirao 12C', 2908),
(57, 'Quarteirao 12D', 2909),
(57, 'Quarteirao 13A', 2910),
(57, 'Quarteirao 13B', 2911),
(57, 'Quarteirao 13C', 2912),
(57, 'Quarteirao 13D', 2913),
(57, 'Quarteirao 15A', 2914),
(57, 'Quarteirao 16A', 2915),
(57, 'Quarteirao 17A', 2916),
(57, 'Quarteirao 17B', 2917),
(57, 'Quarteirao 17C', 2918),
(57, 'Quarteirao 17D', 2919),
(57, 'Quarteirao 17E', 2920),
(57, 'Quarteirao 18A', 2921),
(57, 'Quarteirao 18B', 2922),
(57, 'Quarteirao 19A', 2923),
(57, 'Quarteirao 19B', 2924),
(57, 'Quarteirao 20A', 2925),
(57, 'Quarteirao 20B', 2926),
(57, 'Quarteirao 21A', 2927),
(57, 'Quarteirao 21B', 2928),
(57, 'Quarteirao 22A', 2929),
(57, 'Quarteirao 22B', 2930),
(57, 'Quarteirao 23A', 2931),
(57, 'Quarteirao 23B', 2932),
(57, 'Quarteirao 23C', 2933),
(57, 'Quarteirao 24A', 2934),
(57, 'Quarteirao 24B', 2935),
(57, 'Quarteirao 25A', 2936),
(57, 'Quarteirao 26A', 2937),
(57, 'Quarteirao 27A', 2938),
(57, 'Quarteirao 27B', 2939),
(57, 'Quarteirao 28A', 2940),
(57, 'Quarteirao 29A', 2941),
(58, 'Quarteirao 1', 2942),
(58, 'Quarteirao 2', 2943),
(58, 'Quarteirao 3', 2944),
(58, 'Quarteirao 4', 2945),
(58, 'Quarteirao 5', 2946),
(58, 'Quarteirao 6', 2947),
(58, 'Quarteirao 7', 2948),
(58, 'Quarteirao 8', 2949),
(58, 'Quarteirao 9', 2950),
(58, 'Quarteirao 10', 2951),
(58, 'Quarteirao 11', 2952),
(58, 'Quarteirao 12', 2953),
(58, 'Quarteirao 13', 2954),
(58, 'Quarteirao 14', 2955),
(58, 'Quarteirao 15', 2956),
(58, 'Quarteirao 16', 2957),
(58, 'Quarteirao 17', 2958),
(58, 'Quarteirao 18', 2959),
(58, 'Quarteirao 19', 2960),
(58, 'Quarteirao 20', 2961),
(58, 'Quarteirao 21', 2962),
(58, 'Quarteirao 22', 2963),
(58, 'Quarteirao 23', 2964),
(58, 'Quarteirao 24', 2965),
(58, 'Quarteirao 25', 2966),
(58, 'Quarteirao 26', 2967),
(58, 'Quarteirao 27', 2968),
(58, 'Quarteirao 28', 2969),
(58, 'Quarteirao 29', 2970),
(58, 'Quarteirao 30', 2971),
(58, 'Quarteirao 31', 2972),
(58, 'Quarteirao 32', 2973),
(58, 'Quarteirao 33', 2974),
(58, 'Quarteirao 34', 2975),
(58, 'Quarteirao 35', 2976),
(58, 'Quarteirao 36', 2977),
(58, 'Quarteirao 37', 2978),
(58, 'Quarteirao 38', 2979),
(58, 'Quarteirao 39', 2980),
(58, 'Quarteirao 1A', 2981),
(59, 'Quarteirao 1', 2982),
(59, 'Quarteirao 2', 2983),
(59, 'Quarteirao 3', 2984),
(59, 'Quarteirao 4', 2985),
(59, 'Quarteirao 5', 2986),
(59, 'Quarteirao 6', 2987),
(59, 'Quarteirao 10', 2988),
(59, 'Quarteirao 11', 2989),
(59, 'Quarteirao 12', 2990),
(59, 'Quarteirao 13', 2991),
(59, 'Quarteirao 14', 2992),
(59, 'Quarteirao 15', 2993),
(59, 'Quarteirao 16', 2994),
(59, 'Quarteirao 17', 2995),
(59, 'Quarteirao 18', 2996),
(59, 'Quarteirao 19', 2997),
(59, 'Quarteirao 20', 2998),
(59, 'Quarteirao 21', 2999),
(59, 'Quarteirao 22', 3000),
(59, 'Quarteirao 23', 3001),
(59, 'Quarteirao 24', 3002),
(59, 'Quarteirao 25', 3003),
(59, 'Quarteirao 26', 3004),
(59, 'Quarteirao 27', 3005),
(59, 'Quarteirao 28', 3006),
(59, 'Quarteirao 29', 3007),
(59, 'Quarteirao 30', 3008),
(59, 'Quarteirao 31', 3009),
(59, 'Quarteirao 32', 3010),
(59, 'Quarteirao 33', 3011),
(59, 'Quarteirao 34', 3012),
(59, 'Quarteirao 35', 3013),
(59, 'Quarteirao 36', 3014),
(59, 'Quarteirao 37', 3015),
(59, 'Quarteirao 38', 3016),
(59, 'Quarteirao 39', 3017),
(59, 'Quarteirao 40', 3018),
(59, 'Quarteirao 41', 3019),
(59, 'Quarteirao 42', 3020),
(59, 'Quarteirao 43', 3021),
(59, 'Quarteirao 45', 3022),
(59, 'Quarteirao 46', 3023),
(59, 'Quarteirao 48', 3024),
(60, 'Quarteirao 1', 3025),
(60, 'Quarteirao 2', 3026),
(60, 'Quarteirao 3', 3027),
(60, 'Quarteirao 4', 3028),
(60, 'Quarteirao 5', 3029),
(60, 'Quarteirao 6', 3030),
(60, 'Quarteirao 7', 3031),
(60, 'Quarteirao 8', 3032),
(60, 'Quarteirao 9', 3033),
(60, 'Quarteirao 10', 3034),
(60, 'Quarteirao 11', 3035),
(60, 'Quarteirao 12', 3036),
(60, 'Quarteirao 13', 3037),
(60, 'Quarteirao 14', 3038),
(60, 'Quarteirao 16', 3039),
(60, 'Quarteirao 17', 3040),
(60, 'Quarteirao 18', 3041),
(60, 'Quarteirao 19', 3042),
(60, 'Quarteirao 20', 3043),
(60, 'Quarteirao 21', 3044),
(60, 'Quarteirao 22', 3045),
(60, 'Quarteirao 23', 3046),
(60, 'Quarteirao24', 3047),
(60, 'Quarteirao 25', 3048),
(60, 'Quarteirao 26', 3049),
(60, 'Quarteirao 27', 3050),
(60, 'Quarteirao 28', 3051),
(61, 'Quarteirao 1', 3052),
(61, 'Quarteirao 2', 3053),
(61, 'Quarteirao 3', 3054),
(61, 'Quarteirao 4', 3055),
(61, 'Quarteirao 5', 3056),
(61, 'Quarteirao 06', 3057),
(61, 'Quarteirao 7', 3058),
(61, 'Quarteirao 8', 3059),
(61, 'Quarteirao 9', 3060),
(61, 'Quarteirao 10', 3061),
(61, 'Quarteirao 11', 3062),
(61, 'Quarteirao 12', 3063),
(61, 'Quarteirao 13', 3064),
(61, 'Quarteirao 14', 3065),
(61, 'Quarteirao 15', 3066),
(61, 'Quarteirao 16', 3067),
(61, 'Quarteirao 17', 3068),
(61, 'Quarteirao 18', 3069),
(62, 'Quarteirao 1', 3070),
(62, 'Quarteirao 2', 3071),
(62, 'Quarteirao 3', 3072),
(62, 'Quarteirao 4', 3073),
(62, 'Quarteirao 5', 3074),
(62, 'Quarteirao 6', 3075),
(62, 'Quarteirao 7', 3076),
(62, 'Quarteirao 8', 3077),
(62, 'Quarteirao 9', 3078),
(62, 'Quarteirao 10', 3079),
(62, 'Quarteirao 11', 3080),
(62, 'Quarteirao 12', 3081),
(62, 'Quarteirao 13', 3082),
(62, 'Quarteirao 14', 3083),
(62, 'Quarteirao 15', 3084),
(62, 'Quarteirao 16', 3085),
(62, 'Quarteirao 17', 3086),
(62, 'Quarteirao 18', 3087),
(62, 'Quarteirao 19', 3088),
(62, 'Quarteirao 20', 3089),
(62, 'Quarteirao 21', 3090),
(62, 'Quarteirao 22', 3091),
(62, 'Quarteirao 23', 3092),
(62, 'Quarteirao 24', 3093),
(62, 'Quarteirao 25', 3094),
(62, 'Quarteirao 5A', 3095),
(63, 'Quarteirao 1', 3096),
(63, 'Quarteirao 2', 3097),
(63, 'Quarteirao 3', 3098),
(63, 'Quarteirao 4', 3099),
(63, 'Quarteirao 5', 3100),
(63, 'Quarteirao 6', 3101),
(63, 'Quarteirao 7', 3102),
(63, 'Quarteirao 8', 3103),
(63, 'Quarteirao 9', 3104),
(63, 'Quarteirao 10', 3105),
(63, 'Quarterao 15A', 3106),
(63, 'Quarteirao 16', 3107),
(63, 'Quarteirao 17', 3108),
(63, 'Quarteirao 18', 3109),
(63, 'Quarterão 19', 3110),
(63, 'Quarteirao 20', 3111),
(63, 'Quarteirao 21', 3112),
(63, 'Quarteirao 22', 3113),
(63, 'Quarteirao 23', 3114),
(63, 'Quarterão 24', 3115),
(63, 'Quarteirao 25', 3116),
(63, 'Quarteirao 29', 3117),
(63, 'Quarteirao 30', 3118),
(63, 'Quarteirao 31', 3119),
(63, 'Quarteirao 32', 3120),
(63, 'Quarteirao 33', 3121),
(63, 'Quarteirao 34', 3122),
(63, 'Quarteirao 35', 3123),
(63, 'Quarteirao 37', 3124),
(63, 'Quarteirao 38', 3125),
(63, 'Quarteirao 39', 3126),
(63, 'Quarteirao 40', 3127),
(63, 'Quarterão 41', 3128),
(63, 'Quarteirao 42', 3129),
(63, 'Quarteirao 43', 3130),
(63, 'Quarteirao 44', 3131),
(63, 'Quarteirao 47', 3132),
(63, 'Quarteirao 48', 3133),
(63, 'Quarteirao 49', 3134),
(63, 'Quarteirao 50', 3135),
(63, 'Quarteirao 51', 3136),
(63, 'Quarteirao 52', 3137),
(63, 'Quarteirao 53', 3138),
(63, 'Quarteirao 54', 3139),
(63, 'Quarteirao 55', 3140),
(63, 'Quarteirao 56', 3141),
(63, 'Quarteirao 57', 3142),
(63, 'Quarteirao 58', 3143),
(63, 'Quarteirao 59', 3144),
(63, 'Quarteirao 60', 3145),
(63, 'Quarteirao 10A', 3146),
(63, 'Quarterao 15', 3147),
(64, 'Bairro 1', 3148),
(64, 'Bairro 2', 3149),
(64, 'Bairro 3', 3150),
(64, 'Bairro 4', 3151),
(64, 'Bairro 5', 3152),
(64, 'Bairro 6', 3153),
(64, 'Bairro 7', 3154),
(65, '25 de Setembro', 3155),
(65, 'Belo Horizonte', 3156),
(65, 'Campoane Aldeia', 3157),
(65, 'Campoane Povoacao', 3158),
(65, 'Chipapa', 3159),
(65, 'Filipe Samuel Magaia', 3160),
(65, 'Mabanja', 3161),
(65, 'Matchume', 3162),
(65, 'Muteve', 3163),
(65, 'Nwacombo', 3164),
(65, 'Picoco', 3165),
(65, 'Tinyalene', 3166),
(66, '25 de Junho', 3167),
(66, '7 de Setembro', 3168),
(66, 'Ambrosio', 3169),
(66, 'Eduardo Mondlane', 3170),
(66, 'Gimo', 3171),
(66, 'Jossias Tongogara', 3172),
(66, 'Mahanhane', 3173),
(66, 'Manguiza', 3174),
(66, 'Marien Ngouabi', 3175),
(66, 'Massaca 1', 3176),
(66, 'Massaca 2', 3177),
(66, 'Paulo Samuel Kankhomba', 3178),
(66, 'Saldanha', 3179),
(66, 'Samora Machel', 3180),
(66, 'Tsangala', 3181),
(66, 'Umpala', 3182),
(67, 'Matola Rio-Sede', 3183),
(67, 'Beluluane', 3184),
(67, 'Djonasse', 3185),
(67, 'Djuba', 3186),
(67, 'Chinonanquila', 3187),
(68, 'Bili', 3188),
(68, 'Gumbane', 3189),
(68, 'Machauchau', 3190),
(68, 'Mavoco', 3191),
(68, 'Mulotana Sede', 3192),
(68, 'Zilinga', 3193),
(69, 'Quarteirao 1', 3194),
(69, 'Quarteirao 2', 3195),
(69, 'Quarteirao 3', 3196),
(69, 'Quarteirao 4', 3197),
(69, 'Quarteirao 5', 3198),
(69, 'Quarteirao 6', 3199),
(69, 'Quarteirao 7', 3200),
(69, 'Quarteirao 8', 3201),
(69, 'Quarteirao 9', 3202),
(69, 'Quarteirao 10', 3203),
(69, 'Quarteirao 11', 3204),
(69, 'Quarteirao 12', 3205),
(69, 'Quarteirao 13', 3206),
(69, 'Quarteirao 14', 3207),
(69, 'Quarteirao 15', 3208),
(69, 'Quarteirao 16', 3209),
(69, 'Quarteirao 17', 3210),
(69, 'Quarteirao 18', 3211),
(69, 'Quarteirao 19', 3212),
(69, 'Quarteirao 20', 3213),
(69, 'Quarteirao 21', 3214),
(69, 'Quarteirao 22', 3215),
(69, 'Quarteirao 23', 3216),
(69, 'Quarteirao 24', 3217),
(69, 'Quarteirao 25', 3218),
(69, 'Quarteirao 26', 3219),
(69, 'Quarteirao 27', 3220),
(69, 'Quarteirao 28', 3221),
(69, 'Quarteirao 29', 3222),
(69, 'Quarteirao 30', 3223),
(69, 'Quarteirao 31', 3224),
(69, 'Quarteirao 32', 3225),
(69, 'Quarteirao 33', 3226),
(69, 'Quarteirao 34', 3227),
(69, 'Quarteirao 35', 3228),
(69, 'Quarteirao 36', 3229),
(69, 'Quarteirao 37', 3230),
(69, 'Quarteirao 38', 3231),
(69, 'Quarteirao 39', 3232),
(69, 'Quarteirao 40', 3233),
(69, 'Quarteirao 41', 3234),
(69, 'Quarteirao 42', 3235),
(69, 'Quarteirao 43', 3236),
(69, 'Quarteirao 44', 3237),
(69, 'Quarteirao 45', 3238),
(69, 'Quarteirao 46', 3239),
(69, 'Quarteirao 47', 3240),
(69, 'Quarteirao 48', 3241),
(69, 'Quarteirao 49', 3242),
(69, 'Quarteirao 50', 3243),
(69, 'Quarteirao 51', 3244),
(69, 'Quarteirao 52', 3245),
(69, 'Quarteirao 53', 3246),
(69, 'Quarteirao 54', 3247),
(69, 'Quarteirao 55', 3248),
(69, 'Quarteirao 56', 3249),
(69, 'Quarteirao 57', 3250),
(69, 'Quarteirao 58', 3251),
(69, 'Quarteirao 59', 3252),
(69, 'Quarteirao 60', 3253),
(69, 'Quarteirao 61', 3254),
(69, 'Quarteirao 62', 3255),
(69, 'Quarteirao 63', 3256),
(69, 'Quarteirao 64', 3257),
(69, 'Quarteirao 65', 3258),
(69, 'Quarteirao 66', 3259),
(69, 'Quarteirao 67', 3260),
(69, 'Quarteirao 68', 3261),
(69, 'Quarteirao 69', 3262),
(69, 'Quarteirao 70', 3263),
(69, 'Quarteirao 71', 3264),
(69, 'Quarteirao 72', 3265),
(69, 'Quarteirao 73', 3266),
(69, 'Quarteirao 74', 3267),
(69, 'Quarteirao 75', 3268),
(69, 'Quarteirao 76', 3269),
(69, 'Quarteirao 77', 3270),
(69, 'Quarteirao 78', 3271),
(70, 'Quarteirao 1', 3272),
(70, 'Quarteirao 2', 3273),
(70, 'Quarteirao 3', 3274),
(70, 'Quarteirao 4', 3275),
(70, 'Quarteirao 5', 3276),
(70, 'Quarteirao 6', 3277),
(70, 'Quarteirao 7', 3278),
(70, 'Quarteirao 8', 3279),
(70, 'Quarteirao 9', 3280),
(70, 'Quarteirao 10', 3281),
(70, 'Quarteirao 11', 3282),
(70, 'Quarteirao 12', 3283),
(70, 'Quarteirao 13', 3284),
(70, 'Quarteirao 14', 3285),
(70, 'Quarteirao 15', 3286),
(70, 'Quarteirao 16', 3287),
(70, 'Quarteirao 17', 3288),
(70, 'Quarteirao 18', 3289),
(70, 'Quarteirao 19', 3290),
(70, 'Quarteirao 20', 3291),
(70, 'Quarteirao 21', 3292),
(70, 'Quarteirao 22', 3293),
(70, 'Quarteirao 23', 3294),
(71, 'Quarteirao 1', 3295),
(71, 'Quarteirao 2', 3296),
(71, 'Quarteirao 3', 3297),
(71, 'Quarteirao 4', 3298),
(71, 'Quarteirao 5', 3299),
(71, 'Quarteirao 6', 3300),
(71, 'Quarteirao 7', 3301),
(72, 'Quarteirao 1', 3302),
(72, 'Quarteirao 2', 3303),
(72, 'Quarteirao 3', 3304),
(72, 'Quarteirao 4', 3305),
(72, 'Quarteirao 5', 3306),
(72, 'Quarteirao 6', 3307),
(72, 'Quarteirao 7', 3308),
(72, 'Quarteirao 8', 3309),
(72, 'Quarteirao 9', 3310),
(72, 'Quarteirao 10', 3311),
(72, 'Quarteirao 11', 3312),
(72, 'Quarteirao 12', 3313),
(72, 'Quarteirao 13', 3314),
(72, 'Quarteirao 14', 3315),
(73, 'Quarteirao 1', 3316),
(73, 'Quarteirao 2', 3317),
(73, 'Quarteirao 3', 3318),
(73, 'Quarteirao 4', 3319),
(73, 'Quarteirao 5', 3320),
(73, 'Quarteirao 6', 3321),
(73, 'Quarteirao 7', 3322),
(73, 'Quarteirao 8', 3323),
(73, 'Quarteirao 9', 3324),
(73, 'Quarteirao 10', 3325),
(73, 'Quarteirao 11', 3326),
(73, 'Quarteirao 12', 3327),
(73, 'Quarteirao 13', 3328),
(73, 'Quarteirao 14', 3329),
(73, 'Quarteirao 15', 3330),
(73, 'Quarteirao 16', 3331),
(73, 'Quarteirao 17', 3332),
(73, 'Quarteirao 18', 3333),
(73, 'Quarteirao 19', 3334),
(73, 'Quarteirao 20', 3335),
(73, 'Quarteirao 21', 3336),
(73, 'Quarteirao 22', 3337),
(73, 'Quarteirao 23', 3338),
(73, 'Quarteirao 24', 3339),
(73, 'Quarteirao 25', 3340),
(73, 'Quarteirao 26', 3341),
(73, 'Quarteirao 27', 3342),
(73, 'Quarteirao 28', 3343),
(73, 'Quarteirao 29', 3344),
(73, 'Quarteirao 30', 3345),
(73, 'Quarteirao 31', 3346),
(73, 'Quarteirao 32', 3347),
(73, 'Quarteirao 33', 3348),
(73, 'Quarteirao 33B', 3349),
(73, 'Quarteirao 34', 3350),
(73, 'Quarteirao 35', 3351),
(73, 'Quarteirao 36', 3352),
(73, 'Quarteirao 37', 3353),
(73, 'Quarteirao 38', 3354),
(73, 'Quarteirao 39', 3355),
(73, 'Quarteirao 40', 3356),
(73, 'Quarteirao 41', 3357),
(73, 'Quarteirao 42', 3358),
(73, 'Quarteirao 43', 3359),
(73, 'Quarteirao 44', 3360),
(73, 'Quarteirao 45', 3361),
(73, 'Quarteirao 46', 3362),
(73, 'Quarteirao 47', 3363),
(73, 'Quarteirao 48', 3364),
(73, 'Quarteirao 49', 3365),
(74, 'Quarteirao 1', 3366),
(74, 'Quarteirao 2', 3367),
(74, 'Quarteirao 3', 3368),
(74, 'Quarteirao 4', 3369),
(74, 'Quarteirao 5', 3370),
(74, 'Quarteirao 6', 3371),
(74, 'Quarteirao 7', 3372),
(74, 'Quarteirao 8', 3373),
(74, 'Quarteirao 9', 3374),
(74, 'Quarteirao 10', 3375),
(74, 'Quarteirao 11', 3376),
(74, 'Quarteirao 12', 3377),
(74, 'Quarteirao 13', 3378),
(74, 'Quarteirao 14', 3379),
(74, 'Quarteirao 15', 3380),
(74, 'Quarteirao 16', 3381),
(74, 'Quarteirao 17', 3382),
(74, 'Quarteirao 18', 3383),
(74, 'Quarteirao 19', 3384),
(74, 'Quarteirao 20', 3385),
(74, 'Quarteirao 21', 3386),
(74, 'Quarteirao 22', 3387),
(74, 'Quarteirao 23', 3388),
(74, 'Quarteirao 24', 3389),
(74, 'Quarteirao 25', 3390),
(74, 'Quarteirao 26', 3391),
(74, 'Quarteirao 27', 3392),
(74, 'Quarteirao 28', 3393),
(74, 'Quarteirao 29', 3394),
(74, 'Quarteirao 30', 3395),
(74, 'Quarteirao 31', 3396),
(74, 'Quarteirao 9A', 3397),
(74, 'Quarteirao 12A', 3398),
(75, 'Quarteirao 1', 3399),
(75, 'Quarteirao 2', 3400),
(75, 'Quarteirao 3', 3401),
(75, 'Quarteirao 4', 3402),
(75, 'Quarteirao 5', 3403),
(75, 'Quarteirao 6', 3404),
(75, 'Quarteirao 7', 3405),
(75, 'Quarteirao 8', 3406),
(75, 'Quarteirao 9', 3407),
(75, 'Quarteirao 10', 3408),
(75, 'Quarteirao 11', 3409),
(75, 'Quarteirao 12', 3410),
(75, 'Quarteirao 13', 3411),
(75, 'Quarteirao 14', 3412),
(75, 'Quarteirao 15', 3413),
(75, 'Quarteirao 16', 3414),
(75, 'Quarteirao 17', 3415),
(75, 'Quarteirao 18', 3416),
(75, 'Quarteirao 19', 3417),
(75, 'Quarteirao 20', 3418),
(75, 'Quarteirao 21', 3419),
(75, 'Quarteirao 22', 3420),
(75, 'Quarteirao 23', 3421),
(75, 'Quarteirao 24', 3422),
(75, 'Quarteirao 25', 3423),
(75, 'Quarteirao 26', 3424),
(75, 'Quarteirao 27', 3425),
(75, 'Quarteirao 28', 3426),
(75, 'Quarteirao 29', 3427),
(75, 'Quarteirao 30', 3428),
(75, 'Quarteirao 31', 3429),
(75, 'Quarteirao 32', 3430),
(75, 'Quarteirao 33', 3431),
(75, 'Quarteirao 34', 3432),
(75, 'Quarteirao 35', 3433),
(75, 'Quarteirao 36', 3434),
(75, 'Quarteirao 37', 3435),
(75, 'Quarteirao 38', 3436),
(75, 'Quarteirao 39', 3437),
(75, 'Quarteirao 40', 3438),
(75, 'Quarteirao 41', 3439),
(75, 'Quarteirao 42', 3440),
(75, 'Quarteirao 43', 3441),
(75, 'Quarteirao 44', 3442),
(75, 'Quarteirao 45', 3443),
(75, 'Quarteirao 46', 3444),
(75, 'Quarteirao 47', 3445),
(75, 'Quarteirao 48', 3446),
(75, 'Quarteirao 49', 3447),
(75, 'Quarteirao 50', 3448),
(75, 'Quarteirao 51', 3449),
(75, 'Quarteirao 52', 3450),
(75, 'Quarteirao 53', 3451),
(75, 'Quarteirao 54', 3452),
(75, 'Quarteirao 55', 3453),
(75, 'Quarteirao 56', 3454),
(75, 'Quarteirao 57', 3455),
(75, 'Quarteirao 58', 3456),
(75, 'Quarteirao 59', 3457),
(75, 'Quarteirao 60', 3458),
(75, 'Quarteirao 61', 3459),
(75, 'Quarteirao 62', 3460),
(75, 'Quarteirao 63', 3461),
(75, 'Quarteirao 64', 3462),
(75, 'Quarteirao 65', 3463),
(75, 'Quarteirao 66', 3464),
(75, 'Quarteirao 67', 3465),
(75, 'Quarteirao 68', 3466),
(75, 'Quarteirao 69', 3467),
(75, 'Quarteirao 70', 3468),
(75, 'Quarteirao 71', 3469),
(75, 'Quarteirao 72', 3470),
(75, 'Quarteirao 73', 3471),
(75, 'Quarteirao 74', 3472),
(75, 'Quarteirao 75', 3473),
(75, 'Quarteirao 76', 3474),
(75, 'Quarteirao 77', 3475),
(75, 'Quarteirao 78', 3476),
(75, 'Quarteirao 79', 3477),
(75, 'Quarteirao 80', 3478),
(75, 'Quarteirao 81', 3479),
(75, 'Quarteirao 82', 3480),
(75, 'Quarteirao 83', 3481),
(75, 'Quarteirao 84', 3482),
(75, 'Quarteirao 85', 3483),
(75, 'Quarteirao 86', 3484),
(75, 'Quarteirao 87', 3485),
(75, 'Quarteirao 88', 3486),
(75, 'Quarteirao 89', 3487),
(75, 'Quarteirao 90', 3488),
(75, 'Quarteirao 91', 3489),
(75, 'Quarteirao 92', 3490),
(75, 'Quarteirao 93', 3491),
(75, 'Quarteirao 94', 3492),
(75, 'Quarteirao 95', 3493),
(76, 'Quarteirao 1', 3494),
(76, 'Quarteirao 2', 3495),
(76, 'Quarteirao 3', 3496),
(76, 'Quarteirao 4', 3497),
(76, 'Quarteirao 5', 3498),
(76, 'Quarteirao 6', 3499),
(77, 'Quarteirao 1', 3500),
(77, 'Quarteirao 2', 3501),
(77, 'Quarteirao 3', 3502),
(77, 'Quarteirao 4', 3503),
(77, 'Quarteirao 5', 3504),
(77, 'Quarteirao 6', 3505),
(77, 'Quarteirao 7', 3506),
(78, 'Quarteirao 1', 3507),
(78, 'Quarteirao 2', 3508),
(78, 'Quarteirao 3', 3509),
(78, 'Quarteirao 4', 3510),
(78, 'Quarteirao 5', 3511),
(78, 'Quarteirao 6', 3512),
(78, 'Quarteirao 7', 3513),
(78, 'Quarteirao 8', 3514),
(78, 'Quarteirao 9', 3515),
(78, 'Quarteirao 10', 3516),
(78, 'Quarteirao 11', 3517),
(78, 'Quarteirao 12', 3518),
(78, 'Quarteirao 13', 3519),
(78, 'Quarteirao 14', 3520),
(78, 'Quarteirao 15', 3521),
(78, 'Quarteirao 16', 3522),
(78, 'Quarteirao 17', 3523),
(78, 'Quarteirao 18', 3524),
(78, 'Quarteirao 19', 3525),
(78, 'Quarteirao 20', 3526),
(78, 'Quarteirao 21', 3527),
(78, 'Quarteirao 22', 3528),
(78, 'Quarteirao 23', 3529),
(78, 'Quarteirao 24', 3530),
(78, 'Quarteirao 25', 3531),
(78, 'Quarteirao 26', 3532),
(78, 'Quarteirao 27', 3533),
(78, 'Quarteirao 28', 3534),
(78, 'Quarteirao 29', 3535),
(78, 'Quarteirao 30', 3536),
(78, 'Quarteirao 31', 3537),
(78, 'Quarteirao 32', 3538),
(78, 'Quarteirao 33', 3539),
(78, 'Quarteirao 34', 3540),
(78, 'Quarteirao 35', 3541),
(78, 'Quarteirao 36', 3542),
(79, 'Quarteirao 1', 3543),
(79, 'Quarteirao 2', 3544),
(79, 'Quarteirao 3', 3545),
(79, 'Quarteirao 4', 3546),
(79, 'Quarteirao 5', 3547),
(79, 'Quarteirao 6', 3548),
(79, 'Quarteirao 7', 3549),
(79, 'Quarteirao 8', 3550),
(79, 'Quarteirao 9', 3551),
(79, 'Quarteirao 10', 3552),
(79, 'Quarteirao 11', 3553),
(79, 'Quarteirao 12', 3554),
(79, 'Quarteirao 13', 3555),
(79, 'Quarteirao 14', 3556),
(79, 'Quarteirao 15', 3557),
(79, 'Quarteirao 16', 3558),
(79, 'Quarteirao 17', 3559),
(79, 'Quarteirao 18', 3560),
(79, 'Quarteirao 19', 3561),
(79, 'Quarteirao 20', 3562),
(79, 'Quarteirao 21', 3563),
(79, 'Quarteirao 22', 3564),
(79, 'Quarteirao 23', 3565),
(79, 'Quarteirao 24', 3566),
(79, 'Quarteirao 25', 3567),
(80, 'Quarteirao 1', 3568),
(80, 'Quarteirao 2', 3569),
(80, 'Quarteirao 3', 3570),
(80, 'Quarteirao 4', 3571),
(80, 'Quarteirao 5', 3572),
(80, 'Quarteirao 6', 3573),
(80, 'Quarteirao 7', 3574),
(81, 'Quarteirao 1', 3575),
(81, 'Quarteirao 2', 3576),
(81, 'Quarteirao 3', 3577),
(81, 'Quarteirao 4', 3578),
(81, 'Quarteirao 5', 3579),
(81, 'Quarteirao 6', 3580),
(81, 'Quarteirao 7', 3581),
(81, 'Quarteirao 8', 3582),
(81, 'Quarteirao 9', 3583),
(81, 'Quarteirao 10', 3584),
(81, 'Quarteirao 11', 3585),
(81, 'Quarteirao 12', 3586),
(81, 'Quarteirao 13', 3587),
(81, 'Quarteirao 14', 3588),
(81, 'Quarteirao 15', 3589),
(81, 'Quarteirao 16', 3590),
(81, 'Quarteirao 17', 3591),
(81, 'Quarteirao 18', 3592),
(81, 'Quarteirao 19', 3593),
(81, 'Quarteirao 20', 3594),
(81, 'Quarteirao 21', 3595),
(81, 'Quarteirao 22', 3596),
(81, 'Quarteirao 23', 3597),
(81, 'Quarteirao 24', 3598),
(81, 'Quarteirao 25', 3599),
(81, 'Quarteirao 26', 3600),
(81, 'Quarteirao 27', 3601),
(81, 'Quarteirao 28', 3602),
(81, 'Quarteirao 29', 3603),
(81, 'Quarteirao 30', 3604),
(81, 'Quarteirao 31', 3605),
(81, 'Quarteirao 32', 3606),
(81, 'Quarteirao 33', 3607),
(81, 'Quarteirao 34', 3608),
(81, 'Quarteirao 35', 3609),
(81, 'Quarteirao 36', 3610),
(81, 'Quarteirao 37', 3611),
(81, 'Quarteirao 38', 3612),
(81, 'Quarteirao 39', 3613),
(81, 'Quarteirao 40', 3614),
(81, 'Quarteirao 41', 3615),
(82, 'Quarteirao 1', 3616),
(82, 'Quarteirao 2', 3617),
(82, 'Quarteirao 3', 3618),
(82, 'Quarteirao 4', 3619),
(82, 'Quarteirao 5', 3620),
(82, 'Quarteirao 6', 3621),
(82, 'Quarteirao 7', 3622),
(82, 'Quarteirao 8', 3623),
(82, 'Quarteirao 9', 3624),
(82, 'Quarteirao 10', 3625),
(82, 'Quarteirao 11', 3626),
(82, 'Quarteirao 12', 3627),
(82, 'Quarteirao 13', 3628),
(82, 'Quarteirao 14', 3629),
(82, 'Quarteirao 15', 3630),
(82, 'Quarteirao 16', 3631),
(82, 'Quarteirao 17', 3632),
(82, 'Quarteirao 18', 3633),
(82, 'Quarteirao 19', 3634),
(82, 'Quarteirao 20', 3635),
(82, 'Quarteirao 21', 3636),
(82, 'Quarteirao 22', 3637),
(83, 'Quarteirao 1', 3638),
(83, 'Quarteirao 2', 3639),
(83, 'Quarteirao 3', 3640),
(83, 'Quarteirao 4', 3641),
(83, 'Quarteirao 5', 3642),
(83, 'Quarteirao 6', 3643),
(83, 'Quarteirao 7', 3644),
(83, 'Quarteirao 8', 3645),
(83, 'Quarteirao 9', 3646),
(83, 'Quarteirao 10', 3647),
(83, 'Quarteirao 11', 3648),
(83, 'Quarteirao 12', 3649),
(83, 'Quarteirao 13', 3650),
(83, 'Quarteirao 14', 3651),
(83, 'Quarteirao 15', 3652),
(83, 'Quarteirao 16', 3653),
(83, 'Quarteirao 17', 3654),
(83, 'Quarteirao 18', 3655),
(83, 'Quarteirao 19', 3656),
(83, 'Quarteirao 20', 3657),
(83, 'Quarteirao 21', 3658),
(83, 'Quarteirao 22', 3659),
(83, 'Quarteirao 23', 3660),
(83, 'Quarteirao 24', 3661),
(83, 'Quarteirao 25', 3662),
(83, 'Quarteirao 26', 3663),
(83, 'Quarteirao 27', 3664),
(83, 'Quarteirao 28', 3665),
(83, 'Quarteirao 29', 3666),
(83, 'Quarteirao 30', 3667),
(83, 'Quarteirao 31', 3668),
(83, 'Quarteirao 32', 3669),
(83, 'Quarteirao 33', 3670),
(83, 'Quarteirao 34', 3671),
(83, 'Quarteirao 35', 3672),
(83, 'Quarteirao 36', 3673),
(83, 'Quarteirao 37', 3674),
(83, 'Quarteirao 38', 3675),
(83, 'Quarteirao 39', 3676),
(83, 'Quarteirao 40', 3677),
(83, 'Quarteirao 41', 3678),
(83, 'Quarteirao 42', 3679),
(83, 'Quarteirao 43', 3680),
(84, 'Quarteirao 1', 3681),
(84, 'Quarteirao 2', 3682),
(84, 'Quarteirao 3', 3683),
(84, 'Quarteirao 4', 3684),
(84, 'Quarteirao 5', 3685),
(84, 'Quarteirao 6', 3686),
(84, 'Quarteirao 7', 3687),
(84, 'Quarteirao 8', 3688),
(84, 'Quarteirao 8A', 3689),
(84, 'Quarteirao 8B', 3690),
(84, 'Quarteirao 9', 3691),
(84, 'Quarteirao 9B', 3692),
(84, 'Quarteirao 10', 3693),
(84, 'Quarteirao 11', 3694),
(84, 'Quarteirao 12', 3695),
(84, 'Quarteirao 13', 3696),
(84, 'Quarteirao 14', 3697),
(84, 'Quarteirao 14A', 3698),
(84, 'Quarteirao 14B', 3699),
(84, 'Quarteirao 15', 3700),
(84, 'Quarteirao 15A', 3701),
(84, 'Quarteirao 15B', 3702),
(84, 'Quarteirao 16', 3703),
(84, 'Quarteirao 17', 3704),
(84, 'Quarteirao 18', 3705),
(84, 'Quarteirao 19', 3706),
(84, 'Quarteirao 20', 3707),
(84, 'Quarteirao 21', 3708),
(84, 'Quarteirao 22', 3709),
(84, 'Quarteirao 23', 3710),
(84, 'Quarteirao 24', 3711),
(84, 'Quarteirao 25', 3712),
(84, 'Quarteirao 26', 3713),
(84, 'Quarteirao 27', 3714),
(84, 'Quarteirao 27A', 3715),
(84, 'Quarteirao 27B', 3716),
(84, 'Quarteirao 28', 3717),
(84, 'Quarteirao 29', 3718),
(84, 'Quarteirao 30', 3719),
(84, 'Quarteirao 31', 3720),
(84, 'Quarteirao 32', 3721),
(84, 'Quarteirao 33', 3722),
(84, 'Quarteirao 34', 3723),
(84, 'Quarteirao 35', 3724),
(84, 'Quarteirao 36', 3725),
(84, 'Quarteirao 37', 3726),
(84, 'Quarteirao 38', 3727),
(84, 'Quarteirao 39', 3728),
(84, 'Quarteirao 40', 3729),
(84, 'Quarteirao 41', 3730),
(84, 'Quarteirao 42', 3731),
(84, 'Quarteirao 43', 3732),
(84, 'Quarteirao 44', 3733),
(84, 'Quarteirao 45', 3734),
(84, 'Quarteirao 46', 3735),
(84, 'Quarteirao 47', 3736),
(84, 'Quarteirao 48', 3737),
(84, 'Quarteirao 49', 3738),
(84, 'Quarteirao 50', 3739),
(84, 'Quarteirao 51', 3740),
(84, 'Quarteirao 52', 3741),
(84, 'Quarteirao 53', 3742),
(84, 'Quarteirao 54', 3743),
(84, 'Quarteirao 55', 3744),
(84, 'Quarteirao 56', 3745),
(84, 'Quarteirao 57', 3746),
(84, 'Quarteirao 58', 3747),
(84, 'Quarteirao 59', 3748),
(84, 'Quarteirao 60', 3749),
(84, 'Quarteirao 61', 3750),
(84, 'Quarteirao 62', 3751),
(84, 'Quarteirao 63', 3752),
(84, 'Quarteirao 64', 3753),
(84, 'Quarteirao 65', 3754),
(84, 'Quarteirao 66', 3755),
(84, 'Quarteirao 67', 3756),
(84, 'Quarteirao 68', 3757),
(84, 'Quarteirao 69', 3758),
(84, 'Quarteirao 70', 3759),
(84, 'Quarteirao 71', 3760),
(84, 'Quarteirao 72', 3761),
(85, 'Quarteirao 1', 3762),
(85, 'Quarteirao 2', 3763),
(85, 'Quarteirao 3', 3764),
(85, 'Quarteirao 4', 3765),
(85, 'Quarteirao 5', 3766),
(85, 'Quarteirao 6', 3767),
(85, 'Quarteirao 7', 3768),
(85, 'Quarteirao 8', 3769),
(85, 'Quarteirao 9', 3770),
(85, 'Quarteirao 10', 3771),
(85, 'Quarteirao 11', 3772),
(85, 'Quarteirao 12', 3773),
(85, 'Quarteirao 13', 3774),
(85, 'Quarteirao 14', 3775),
(85, 'Quarteirao 15', 3776),
(85, 'Quarteirao 16', 3777),
(85, 'Quarteirao 17', 3778),
(85, 'Quarteirao 18', 3779),
(85, 'Quarteirao 19', 3780),
(85, 'Quarteirao 20', 3781),
(85, 'Quarteirao 21', 3782),
(85, 'Quarteirao 22', 3783),
(85, 'Quarteirao 23', 3784),
(85, 'Quarteirao 24', 3785),
(85, 'Quarteirao 25', 3786);
INSERT INTO `quarteiroes` (`bairro_id`, `nome`, `id`) VALUES
(85, 'Quarteirao 26', 3787),
(85, 'Quarteirao 27', 3788),
(85, 'Quarteirao 28', 3789),
(85, 'Quarteirao 29', 3790),
(85, 'Quarteirao 30', 3791),
(85, 'Quarteirao 31', 3792),
(85, 'Quarteirao 32', 3793),
(85, 'Quarteirao 33', 3794),
(85, 'Quarteirao 34', 3795),
(85, 'Quarteirao 35', 3796),
(85, 'Quarteirao 36', 3797),
(86, 'Quarteirao 1', 3798),
(86, 'Quarteirao 2', 3799),
(86, 'Quarteirao 3', 3800),
(86, 'Quarteirao 4', 3801),
(86, 'Quarteirao 5', 3802),
(86, 'Quarteirao 6', 3803),
(86, 'Quarteirao 7', 3804),
(86, 'Quarteirao 8', 3805),
(86, 'Quarteirao 9', 3806),
(86, 'Quarteirao 10', 3807),
(86, 'Quarteirao 11', 3808),
(86, 'Quarteirao 12', 3809),
(86, 'Quarteirao 13', 3810),
(86, 'Quarteirao 14', 3811),
(86, 'Quarteirao 15', 3812),
(86, 'Quarteirao 16', 3813),
(86, 'Quarteirao 17', 3814),
(86, 'Quarteirao 18', 3815),
(87, 'Quarteirao 1', 3816),
(87, 'Quarteirao 2', 3817),
(87, 'Quarteirao 3', 3818),
(87, 'Quarteirao 4', 3819),
(87, 'Quarteirao 5', 3820),
(87, 'Quarteirao 6', 3821),
(87, 'Quarteirao 7', 3822),
(87, 'Quarteirao 8', 3823),
(87, 'Quarteirao 9', 3824),
(87, 'Quarteirao 10', 3825),
(87, 'Quarteirao 11', 3826),
(87, 'Quarteirao 12', 3827),
(87, 'Quarteirao 13', 3828),
(87, 'Quarteirao 14', 3829),
(87, 'Quarteirao 15', 3830),
(87, 'Quarteirao 16', 3831),
(87, 'Quarteirao 17', 3832),
(87, 'Quarteirao 18', 3833),
(87, 'Quarteirao 19', 3834),
(87, 'Quarteirao 20', 3835),
(87, 'Quarteirao 21', 3836),
(87, 'Quarteirao 22', 3837),
(87, 'Quarteirao 23', 3838),
(87, 'Quarteirao 24', 3839),
(87, 'Quarteirao 25', 3840),
(87, 'Quarteirao 26', 3841),
(87, 'Quarteirao 27', 3842),
(87, 'Quarteirao 28', 3843),
(87, 'Quarteirao 28A', 3844),
(87, 'Quarteirao 29', 3845),
(87, 'Quarteirao 29A', 3846),
(87, 'Quarteirao 30', 3847),
(87, 'Quarteirao 30A', 3848),
(87, 'Quarteirao 31', 3849),
(87, 'Quarteirao 32', 3850),
(87, 'Quarteirao 33', 3851),
(87, 'Quarteirao 34', 3852),
(87, 'Quarteirao 35', 3853),
(87, 'Quarteirao 35A', 3854),
(87, 'Quarteirao 36', 3855),
(87, 'Quarteirao 37', 3856),
(87, 'Quarteirao 38', 3857),
(87, 'Quarteirao 39', 3858),
(87, 'Quarteirao 40', 3859),
(87, 'Quarteirao 41', 3860),
(87, 'Quarteirao 42', 3861),
(87, 'Quarteirao 43', 3862),
(87, 'Quarteirao 44', 3863),
(87, 'Quarteirao 45', 3864),
(87, 'Quarteirao 46', 3865),
(87, 'Quarteirao 47', 3866),
(87, 'Quarteirao 47A', 3867),
(87, 'Quarteirao 48', 3868),
(87, 'Quarteirao 49', 3869),
(87, 'Quarteirao 50', 3870),
(87, 'Quarteirao 51', 3871),
(87, 'Quarteirao 52', 3872),
(87, 'Quarteirao 52A', 3873),
(87, 'Quarteirao 53', 3874),
(87, 'Quarteirao 54', 3875),
(87, 'Quarteirao 55', 3876),
(87, 'Quarteirao 56', 3877),
(87, 'Quarteirao 57', 3878),
(87, 'Quarteirao 58', 3879),
(87, 'Quarteirao 59', 3880),
(87, 'Quarteirao 60', 3881),
(87, 'Quarteirao 61', 3882),
(87, 'Quarteirao 62', 3883),
(87, 'Quarteirao 63', 3884),
(87, 'Quarteirao 64', 3885),
(87, 'Quarteirao 65', 3886),
(87, 'Quarteirao 66', 3887),
(87, 'Quarteirao 66A', 3888),
(87, 'Quarteirao 67', 3889),
(87, 'Quarteirao 68', 3890),
(87, 'Quarteirao 69', 3891),
(87, 'Quarteirao 70', 3892),
(87, 'Quarteirao 71', 3893),
(87, 'Quarteirao 72', 3894),
(87, 'Quarteirao 73', 3895),
(87, 'Quarteirao 74', 3896),
(87, 'Quarteirao 75', 3897),
(87, 'Quarteirao 76', 3898),
(87, 'Quarteirao 77', 3899),
(87, 'Quarteirao 78', 3900),
(87, 'Quarteirao 79', 3901),
(87, 'Quarteirao 80', 3902),
(87, 'Quarteirao 81', 3903),
(87, 'Quarteirao 82', 3904),
(87, 'Quarteirao 83', 3905),
(87, 'Quarteirao 84', 3906),
(87, 'Quarteirao 85', 3907),
(87, 'Quarteirao 86', 3908),
(87, 'Quarteirao 87', 3909),
(87, 'Quarteirao 88', 3910),
(87, 'Quarteirao 89', 3911),
(87, 'Quarteirao 90', 3912),
(87, 'Quarteirao 91', 3913),
(87, 'Quarteirao 92', 3914),
(87, 'Quarteirao 93', 3915),
(87, 'Quarteirao 94', 3916),
(87, 'Quarteirao 95', 3917),
(87, 'Quarteirao 96', 3918),
(87, 'Quarteirao 97', 3919),
(87, 'Quarteirao 98', 3920),
(87, 'Quarteirao 99', 3921),
(88, 'Quarteirao 1', 3922),
(88, 'Quarteirao 2', 3923),
(88, 'Quarteirao 3', 3924),
(88, 'Quarteirao 4', 3925),
(88, 'Quarteirao 5', 3926),
(88, 'Quarteirao 6', 3927),
(88, 'Quarteirao 7', 3928),
(88, 'Quarteirao 8', 3929),
(88, 'Quarteirao 9', 3930),
(88, 'Quarteirao 10', 3931),
(89, 'Quarteirao 1', 3932),
(89, 'Quarteirao 2', 3933),
(89, 'Quarteirao 3A', 3934),
(89, 'Quarteirao 3B', 3935),
(89, 'Quarteirao 4', 3936),
(89, 'Quarteirao 11', 3937),
(89, 'Quarteirao 12', 3938),
(89, 'Quarteirao 13', 3939),
(89, 'Quarteirao 14', 3940),
(89, 'Quarteirao 15', 3941),
(89, 'Quarteirao 16', 3942),
(89, 'Quarteirao 17', 3943),
(89, 'Quarteirao 18', 3944),
(89, 'Quarteirao 19', 3945),
(89, 'Quarteirao 20', 3946),
(89, 'Quarteirao 21', 3947),
(89, 'Quarteirao 22', 3948),
(89, 'Quarteirao 23', 3949),
(89, 'Quarteirao 24', 3950),
(89, 'Quarteirao 25', 3951),
(89, 'Quarteirao 25B', 3952),
(89, 'Quarteirao 26', 3953),
(89, 'Quarteirao 27', 3954),
(89, 'Quarteirao 28', 3955),
(90, 'Quarteirao 1', 3956),
(90, 'Quarteirao 2', 3957),
(90, 'Quarteirao 3A', 3958),
(90, 'Quarteirao 3B', 3959),
(90, 'Quarteirao 3C', 3960),
(90, 'Quarteirao 3D', 3961),
(90, 'Quarteirao 3F', 3962),
(90, 'Quarteirao 4', 3963),
(90, 'Quarteirao 5', 3964),
(90, 'Quarteirao 6', 3965),
(90, 'Quarteirao 7', 3966),
(90, 'Quarteirao 8', 3967),
(90, 'Quarteirao 9', 3968),
(90, 'Quarteirao 10', 3969),
(90, 'Quarteirao 11', 3970),
(90, 'Quarteirao 12', 3971),
(90, 'Quarteirao 13', 3972),
(90, 'Quarteirao 14', 3973),
(90, 'Quarteirao 15', 3974),
(91, 'Quarteirao 1', 3975),
(91, 'Quarteirao 2', 3976),
(91, 'Quarteirao 3', 3977),
(91, 'Quarteirao 4', 3978),
(91, 'Quarteirao 5', 3979),
(91, 'Quarteirao 6', 3980),
(91, 'Quarteirao 7', 3981),
(91, 'Quarteirao 8', 3982),
(91, 'Quarteirao 9', 3983),
(91, 'Quarteirao 10', 3984),
(91, 'Quarteirao 11', 3985),
(91, 'Quarteirao 12', 3986),
(91, 'Quarteirao 13', 3987),
(91, 'Quarteirao 14', 3988),
(91, 'Quarteirao 15', 3989),
(91, 'Quarteirao 16', 3990),
(91, 'Quarteirao 17', 3991),
(91, 'Quarteirao 18', 3992),
(91, 'Quarteirao 19', 3993),
(91, 'Quarteirao 20', 3994),
(91, 'Quarteirao 21', 3995),
(91, 'Quarteirao 22', 3996),
(91, 'Quarteirao 23', 3997),
(91, 'Quarteirao 24', 3998),
(91, 'Quarteirao 25', 3999),
(91, 'Quarteirao 26', 4000),
(91, 'Quarteirao 27', 4001),
(91, 'Quarteirao 28', 4002),
(91, 'Quarteirao 29', 4003),
(91, 'Quarteirao 30', 4004),
(91, 'Quarteirao 31', 4005),
(91, 'Quarteirao 32', 4006),
(91, 'Quarteirao 33', 4007),
(91, 'Quarteirao 34', 4008),
(91, 'Quarteirao 35', 4009),
(91, 'Quarteirao 36', 4010),
(91, 'Quarteirao 37', 4011),
(91, 'Quarteirao 38', 4012),
(92, 'Quarteirao 1', 4013),
(92, 'Quarteirao 2', 4014),
(92, 'Quarteirao 3', 4015),
(92, 'Quarteirao 4', 4016),
(92, 'Quarteirao 5', 4017),
(92, 'Quarteirao 6', 4018),
(92, 'Quarteirao 7', 4019),
(92, 'Quarteirao 8', 4020),
(92, 'Quarteirao 17', 4021),
(92, 'Quarteirao 19', 4022),
(92, 'Quarteirao 20', 4023),
(92, 'Quarteirao 21', 4024),
(92, 'Quarteirao 22', 4025),
(92, 'Quarteirao 23', 4026),
(92, 'Quarteirao 24', 4027),
(92, 'Quarteirao 25', 4028),
(92, 'Quarteirao 26', 4029),
(92, 'Quarteirao 30', 4030),
(92, 'Quarteirao 31', 4031),
(92, 'Quarteirao 32', 4032),
(92, 'Quarteirao 33', 4033),
(92, 'Quarteirao 34', 4034),
(92, 'Quarteirao 35', 4035),
(92, 'Quarteirao 36', 4036),
(92, 'Quarteirao 37', 4037),
(92, 'Quarteirao 38', 4038),
(92, 'Quarteirao 39', 4039),
(92, 'Quarteirao 40', 4040),
(92, 'Quarteirao 41', 4041),
(92, 'Quarteirao 44', 4042),
(92, 'Quarteirao 45', 4043),
(92, 'Quarteirao 47', 4044),
(92, 'Quarteirao 48', 4045),
(92, 'Quarteirao 49', 4046),
(92, 'Quarteirao 50', 4047),
(92, 'Quarteirao 52', 4048),
(92, 'Quarteirao 53', 4049),
(92, 'Quarteirao 54', 4050),
(92, 'Quarteirao 55', 4051),
(92, 'Quarteirao 57', 4052),
(92, 'Quarteirao 58', 4053),
(92, 'Quarteirao 59', 4054),
(92, 'Quarteirao 60', 4055),
(92, 'Quarteirao 61', 4056),
(92, 'Quarteirao 62', 4057),
(92, 'Quarteirao 63', 4058),
(92, 'Quarteirao 65', 4059),
(92, 'Quarteirao 66', 4060),
(92, 'Quarteirao 67', 4061),
(92, 'Quarteirao 68', 4062),
(92, 'Quarteirao 69', 4063),
(92, 'Quarteirao 70', 4064),
(92, 'Quarteirao 71', 4065),
(92, 'Quarteirao 72', 4066),
(92, 'Quarteirao 73', 4067),
(92, 'Quarteirao 74', 4068),
(92, 'Quarteirao 75', 4069),
(92, 'Quarteirao 78', 4070),
(92, 'Quarteirao 79', 4071),
(92, 'Quarteirao 82', 4072),
(92, 'Quarteirao 83', 4073),
(92, 'Quarteirao 84', 4074),
(92, 'Quarteirao 85', 4075),
(92, 'Quarteirao 86', 4076),
(92, 'Quarteirao 87', 4077),
(92, 'Quarteirao 88', 4078),
(92, 'Quarteirao 89', 4079),
(92, 'Quarteirao 90', 4080),
(92, 'Quarteirao 91', 4081),
(92, 'Quarteirao 93', 4082),
(92, 'Quarteirao 94', 4083),
(92, 'Quarteirao 95', 4084),
(92, 'Quarteirao 96A', 4085),
(92, 'Quarteirao 96B', 4086),
(92, 'Quarteirao 97', 4087),
(92, 'Quarteirao 98', 4088),
(92, 'Quarteirao 99', 4089),
(93, 'Quarteirao 1', 4090),
(93, 'Quarteirao 2', 4091),
(93, 'Quarteirao 3', 4092),
(93, 'Quarteirao 4', 4093),
(93, 'Quarteirao 5', 4094),
(93, 'Quarteirao 6', 4095),
(93, 'Quarteirao 7', 4096),
(93, 'Quarteirao 8', 4097),
(93, 'Quarteirao 9', 4098),
(93, 'Quarteirao 10', 4099),
(93, 'Quarteirao 11', 4100),
(93, 'Quarteirao 12', 4101),
(93, 'Quarteirao 13', 4102),
(93, 'Quarteirao 14', 4103),
(93, 'Quarteirao 15', 4104),
(93, 'Quarteirao 16', 4105),
(93, 'Quarteirao 17', 4106),
(93, 'Quarteirao 18', 4107),
(93, 'Quarteirao 19', 4108),
(93, 'Quarteirao 20', 4109),
(93, 'Quarteirao 21', 4110),
(94, 'Quarteirao 1', 4111),
(94, 'Quarteirao 2', 4112),
(94, 'Quarteirao 3', 4113),
(94, 'Quarteirao 4', 4114),
(94, 'Quarteirao 5', 4115),
(94, 'Quarteirao 6', 4116),
(94, 'Quarteirao 7', 4117),
(94, 'Quarteirao 8', 4118),
(94, 'Quarteirao 9', 4119),
(94, 'Quarteirao 10', 4120),
(94, 'Quarteirao 11', 4121),
(94, 'Quarteirao 12', 4122),
(94, 'Quarteirao 13', 4123),
(94, 'Quarteirao 14', 4124),
(94, 'Quarteirao 15', 4125),
(94, 'Quarteirao 16', 4126),
(94, 'Quarteirao 17', 4127),
(94, 'Quarteirao 18', 4128),
(94, 'Quarteirao 19', 4129),
(94, 'Quarteirao 20', 4130),
(94, 'Quarteirao 21', 4131),
(94, 'Quarteirao 22', 4132),
(94, 'Quarteirao 23', 4133),
(94, 'Quarteirao 24', 4134),
(94, 'Quarteirao 25', 4135),
(94, 'Quarteirao 26', 4136),
(94, 'Quarteirao 27', 4137),
(94, 'Quarteirao 28', 4138),
(94, 'Quarteirao 29', 4139),
(94, 'Quarteirao 30', 4140),
(94, 'Quarteirao 31', 4141),
(94, 'Quarteirao 32', 4142),
(95, 'Quarteirao 1', 4143),
(95, 'Quarteirao 2', 4144),
(95, 'Quarteirao 3', 4145),
(95, 'Quarteirao 3A', 4146),
(95, 'Quarteirao 4', 4147),
(95, 'Quarteirao 5', 4148),
(95, 'Quarteirao 6', 4149),
(95, 'Quarteirao 7', 4150),
(95, 'Quarteirao 8', 4151),
(95, 'Quarteirao 8A', 4152),
(95, 'Quarteirao 9', 4153),
(95, 'Quarteirao 10', 4154),
(95, 'Quarteirao 11', 4155),
(95, 'Quarteirao 12', 4156),
(95, 'Quarteirao 13', 4157),
(95, 'Quarteirao 14', 4158),
(95, 'Quarteirao 15', 4159),
(95, 'Quarteirao 16', 4160),
(95, 'Quarteirao 17', 4161),
(95, 'Quarteirao 18', 4162),
(95, 'Quarteirao 19', 4163),
(95, 'Quarteirao 20', 4164),
(95, 'Quarteirao 21', 4165),
(95, 'Quarteirao 22', 4166),
(95, 'Quarteirao 23', 4167),
(95, 'Quarteirao 24', 4168),
(95, 'Quarteirao 24A', 4169),
(95, 'Quarteirao 25', 4170),
(95, 'Quarteirao 26', 4171),
(95, 'Quarteirao 27', 4172),
(95, 'Quarteirao 28', 4173),
(95, 'Quarteirao 29', 4174),
(95, 'Quarteirao 30', 4175),
(95, 'Quarteirao 31', 4176),
(95, 'Quarteirao 32', 4177),
(95, 'Quarteirao 33', 4178),
(95, 'Quarteirao 34', 4179),
(95, 'Quarteirao 35', 4180),
(96, 'Bloco 5', 4181),
(96, 'Bloco 6', 4182),
(96, 'Bloco 7', 4183),
(96, 'Bloco 8', 4184),
(96, 'Bloco 9', 4185),
(96, 'Bloco 10', 4186),
(96, 'Bloco 11', 4187),
(96, 'Bloco 12', 4188),
(96, 'Bloco 13', 4189),
(96, 'Bloco 14', 4190),
(96, 'Bloco 15', 4191),
(96, 'Bloco 16', 4192),
(96, 'Bloco 17', 4193),
(96, 'Bloco 18', 4194),
(96, 'Bloco 19', 4195),
(96, 'Bloco 20', 4196),
(96, 'Bloco 21', 4197),
(96, 'Bloco 22', 4198),
(96, 'Bloco 23', 4199),
(96, 'Bloco 24', 4200),
(96, 'Bloco 25', 4201),
(96, 'Bloco 26', 4202),
(96, 'Bloco 27', 4203),
(96, 'Bloco 28', 4204),
(96, 'Bloco 29', 4205),
(96, 'Bloco 30', 4206),
(96, 'Bloco 31', 4207),
(96, 'Bloco 32', 4208),
(96, 'Bloco 33', 4209),
(96, 'Bloco 34', 4210),
(96, 'Bloco 35', 4211),
(96, 'Bloco 36', 4212),
(96, 'Bloco 37', 4213),
(96, 'Bloco 38', 4214),
(96, 'Bloco 39', 4215),
(96, 'Bloco 40', 4216),
(96, 'Bloco 41', 4217),
(96, 'Bloco 42', 4218),
(96, 'Bloco 43', 4219),
(96, 'Bloco 44', 4220),
(96, 'Bloco 45', 4221),
(96, 'Bloco 46', 4222),
(96, 'Bloco 47', 4223),
(96, 'Bloco 48', 4224),
(96, 'Bloco 49', 4225),
(96, 'Bloco 50', 4226),
(96, 'Bloco 51', 4227),
(96, 'Bloco 52', 4228),
(96, 'Bloco 53', 4229),
(96, 'Bloco 54', 4230),
(96, 'Bloco 55', 4231),
(96, 'Bloco 56', 4232),
(96, 'Bloco 57', 4233),
(96, 'Bloco 58', 4234),
(96, 'Bloco 59', 4235),
(96, 'Bloco 60', 4236),
(96, 'Bloco 61', 4237),
(96, 'Bloco 62', 4238),
(96, 'Bloco 63', 4239),
(96, 'Bloco 64', 4240),
(96, 'Bloco 65', 4241),
(96, 'Bloco 66', 4242),
(96, 'Bloco 67', 4243),
(96, 'Bloco 68', 4244),
(96, 'Bloco 69', 4245),
(96, 'Bloco 70', 4246),
(96, 'Bloco 71', 4247),
(96, 'Bloco 72', 4248),
(96, 'Bloco 73', 4249),
(96, 'Bloco 74', 4250),
(96, 'Bloco 75', 4251),
(96, 'Bloco 76', 4252),
(96, 'Bloco 77', 4253),
(96, 'Bloco 78', 4254),
(96, 'Bloco 79', 4255),
(96, 'Bloco 80', 4256),
(96, 'Bloco 81', 4257),
(96, 'Bloco 82', 4258),
(96, 'Bloco 83', 4259),
(96, 'Bloco 84', 4260),
(96, 'Bloco 85', 4261),
(96, 'Bloco 86', 4262),
(96, 'Bloco 87', 4263),
(96, 'Bloco 88', 4264),
(96, 'Bloco 89', 4265),
(96, 'Bloco 90', 4266),
(96, 'Bloco 91', 4267),
(96, 'Bloco 92', 4268),
(96, 'Bloco 93', 4269),
(96, 'Bloco 94', 4270),
(96, 'Bloco 95', 4271),
(96, 'Bloco 96', 4272),
(96, 'Bloco 97', 4273),
(96, 'Bloco 98', 4274),
(96, 'Bloco 99', 4275),
(96, 'Bloco 100', 4276),
(96, 'Bloco 101', 4277),
(96, 'Bloco 102', 4278),
(96, 'Bloco 103', 4279),
(96, 'Bloco 104', 4280),
(96, 'Bloco 105', 4281),
(96, 'Bloco 106', 4282),
(96, 'Bloco 107', 4283),
(96, 'Bloco 108', 4284),
(96, 'Bloco 109', 4285),
(96, 'Bloco 110', 4286),
(96, 'Bloco 111', 4287),
(96, 'Bloco 112', 4288),
(96, 'Bloco 113', 4289),
(96, 'Bloco 114', 4290),
(96, 'Bloco 115', 4291),
(96, 'Bloco 116', 4292),
(96, 'Bloco 117', 4293),
(96, 'Bloco 118', 4294),
(97, 'Quarteirao 1', 4295),
(97, 'Quarteirao 2', 4296),
(97, 'Quarteirao 3', 4297),
(97, 'Quarteirao 4', 4298),
(97, 'Quarteirao 5', 4299),
(97, 'Quarteirao 6', 4300),
(97, 'Quarteirao 7', 4301),
(97, 'Quarteirao 8', 4302),
(97, 'Quarteirao 9', 4303),
(97, 'Quarteirao 10', 4304),
(98, 'Quarteirao 1', 4305),
(98, 'Quarteirao 2', 4306),
(98, 'Quarteirao 3', 4307),
(98, 'Quarteirao 4', 4308),
(98, 'Quarteirao 5', 4309),
(98, 'Quarteirao 6', 4310),
(98, 'Quarteirao 7', 4311),
(98, 'Quarteirao 8', 4312),
(98, 'Quarteirao 9', 4313),
(98, 'Quarteirao 10', 4314),
(98, 'Quarteirao 11', 4315),
(98, 'Quarteirao 12', 4316),
(98, 'Quarteirao 13', 4317),
(98, 'Quarteirao 14', 4318),
(98, 'Quarteirao 15', 4319),
(98, 'Quarteirao 16', 4320),
(98, 'Quarteirao 17', 4321),
(98, 'Quarteirao 18', 4322),
(98, 'Quarteirao 19', 4323),
(98, 'Quarteirao 20', 4324),
(98, 'Quarteirao 21', 4325),
(99, 'Quarteirao 1', 4326),
(99, 'Quarteirao 2', 4327),
(99, 'Quarteirao 3', 4328),
(99, 'Quarteirao 4', 4329),
(99, 'Quarteirao 5', 4330),
(99, 'Quarteirao 6', 4331),
(99, 'Quarteirao 7', 4332),
(99, 'Quarteirao 8', 4333),
(99, 'Quarteirao 9', 4334),
(99, 'Quarteirao 10', 4335),
(99, 'Quarteirao 11', 4336),
(99, 'Quarteirao 12', 4337),
(99, 'Quarteirao 13', 4338),
(99, 'Quarteirao 14', 4339),
(99, 'Quarteirao 15', 4340),
(99, 'Quarteirao 16', 4341),
(99, 'Quarteirao 17', 4342),
(99, 'Quarteirao 18', 4343),
(99, 'Quarteirao 19', 4344),
(99, 'Quarteirao 20', 4345),
(99, 'Quarteirao 21', 4346),
(99, 'Quarteirao 22', 4347),
(99, 'Quarteirao 23', 4348),
(99, 'Quarteirao 24', 4349),
(99, 'Quarteirao 25', 4350),
(99, 'Quarteirao 26', 4351),
(99, 'Quarteirao 27', 4352),
(99, 'Quarteirao 28', 4353),
(99, 'Quarteirao 29', 4354),
(99, 'Quarteirao 30', 4355),
(99, 'Quarteirao 31', 4356),
(99, 'Quarteirao 32', 4357),
(99, 'Quarteirao 33', 4358),
(99, 'Quarteirao 34', 4359),
(99, 'Quarteirao 35', 4360),
(99, 'Quarteirao 36', 4361),
(99, 'Quarteirao 37', 4362),
(99, 'Quarteirao 38', 4363),
(99, 'Quarteirao 39', 4364),
(100, 'Quarteirao 1', 4365),
(100, 'Quarteirao 1A', 4366),
(100, 'Quarteirao 2', 4367),
(100, 'Quarteirao 3', 4368),
(100, 'Quarteirao 3A', 4369),
(100, 'Quarteirao 4', 4370),
(100, 'Quarteirao 5', 4371),
(100, 'Quarteirao 6', 4372),
(100, 'Quarteirao 7', 4373),
(100, 'Quarteirao 8', 4374),
(100, 'Quarteirao 8A', 4375),
(100, 'Quarteirao 9', 4376),
(100, 'Quarteirao 9A', 4377),
(100, 'Quarteirao 9B', 4378),
(100, 'Quarteirao 9C', 4379),
(100, 'Quarteirao 9D', 4380),
(100, 'Quarteirao 9E', 4381),
(100, 'Quarteirao 9F', 4382),
(100, 'Quarteirao 9G', 4383),
(100, 'Quarteirao 9H', 4384),
(100, 'Quarteirao 9I', 4385),
(100, 'Quarteirao 9J', 4386),
(100, 'Quarteirao 9K', 4387),
(100, 'Quarteirao 9L', 4388),
(100, 'Quarteirao 9M', 4389),
(100, 'Quarteirao 9N', 4390),
(100, 'Quarteirao 9P', 4391),
(100, 'Quarteirao 10', 4392),
(100, 'Quarteirao 11', 4393),
(100, 'Quarteirao 11A', 4394),
(100, 'Quarteirao 11B', 4395),
(100, 'Quarteirao 12', 4396),
(100, 'Quarteirao 12A', 4397),
(100, 'Quarteirao 12B', 4398),
(100, 'Quarteirao 13', 4399),
(100, 'Quarteirao 14', 4400),
(100, 'Quarteirao 15', 4401),
(100, 'Quarteirao 16', 4402),
(100, 'Quarteirao 17', 4403),
(100, 'Quarteirao 18', 4404),
(100, 'Quarteirao 18A', 4405),
(100, 'Quarteirao 18B', 4406),
(100, 'Quarteirao 19', 4407),
(100, 'Quarteirao 20', 4408),
(100, 'Quarteirao 21', 4409),
(100, 'Quarteirao 22', 4410),
(100, 'Quarteirao 23', 4411),
(100, 'Quarteirao 24', 4412),
(100, 'Quarteirao 25', 4413),
(100, 'Quarteirao 25A', 4414),
(100, 'Quarteirao 25B', 4415),
(100, 'Quarteirao 26', 4416),
(100, 'Quarteirao 26A', 4417),
(100, 'Quarteirao 27', 4418),
(100, 'Quarteirao 28', 4419),
(100, 'Quarteirao 29', 4420),
(100, 'Quarteirao 30', 4421),
(100, 'Quarteirao 31', 4422),
(100, 'Quarteirao 32', 4423),
(100, 'Quarteirao 33', 4424),
(100, 'Quarteirao 34', 4425),
(100, 'Quarteirao 35', 4426),
(100, 'Quarteirao 36', 4427),
(100, 'Quarteirao 37', 4428),
(100, 'Quarteirao 38', 4429),
(100, 'Quarteirao 39', 4430),
(101, 'Quarteirao 1A', 4431),
(101, 'Quarteirao 1B', 4432),
(101, 'Quarteirao 1C', 4433),
(101, 'Quarteirao 1D', 4434),
(101, 'Quarteirao 1E', 4435),
(101, 'Quarteirao 1F', 4436),
(101, 'Quarteirao 1G', 4437),
(101, 'Quarteirao 1H', 4438),
(101, 'Quarteirao 1I', 4439),
(101, 'Quarteirao 1J', 4440),
(101, 'Quarteirao 1L', 4441),
(101, 'Quarteirao 2', 4442),
(101, 'Quarteirao 3', 4443),
(101, 'Quarteirao 4', 4444),
(101, 'Quarteirao 5', 4445),
(101, 'Quarteirao 6', 4446),
(101, 'Quarteirao 7', 4447),
(102, 'Quarteirao 1', 4448),
(102, 'Quarteirao 2', 4449),
(102, 'Quarteirao 3', 4450),
(102, 'Quarteirao 4', 4451),
(102, 'Quarteirao 5', 4452),
(102, 'Quarteirao 6', 4453),
(102, 'Quarteirao 7', 4454),
(102, 'Quarteirao 8', 4455),
(102, 'Quarteirao 9', 4456),
(102, 'Quarteirao 10', 4457),
(102, 'Quarteirao 11', 4458),
(102, 'Quarteirao 12', 4459),
(102, 'Quarteirao 13', 4460),
(102, 'Quarteirao 14', 4461),
(102, 'Quarteirao 15', 4462),
(102, 'Quarteirao 16', 4463),
(102, 'Quarteirao 17', 4464),
(102, 'Quarteirao 18', 4465),
(102, 'Quarteirao 19', 4466),
(102, 'Quarteirao 20', 4467),
(102, 'Quarteirao 21', 4468),
(102, 'Quarteirao 22', 4469),
(102, 'Quarteirao 23', 4470),
(102, 'Quarteirao 24', 4471),
(102, 'Quarteirao 25', 4472),
(102, 'Quarteirao 26', 4473),
(102, 'Quarteirao 27', 4474),
(102, 'Quarteirao 28', 4475),
(102, 'Quarteirao 29', 4476),
(102, 'Quarteirao 30', 4477),
(102, 'Quarteirao 31', 4478),
(102, 'Quarteirao 32', 4479),
(102, 'Quarteirao 33', 4480),
(102, 'Quarteirao 34', 4481),
(102, 'Quarteirao 35', 4482),
(102, 'Quarteirao 36', 4483),
(102, 'Quarteirao 37', 4484),
(102, 'Quarteirao 38', 4485),
(102, 'Quarteirao 39', 4486),
(102, 'Quarteirao 40', 4487),
(102, 'Quarteirao 41', 4488),
(102, 'Quarteirao 42', 4489),
(102, 'Quarteirao 43', 4490),
(102, 'Quarteirao 44', 4491),
(102, 'Quarteirao 45', 4492),
(102, 'Quarteirao 46', 4493),
(102, 'Quarteirao 47', 4494),
(102, 'Quarteirao 48', 4495),
(102, 'Quarteirao 49', 4496),
(102, 'Quarteirao 50', 4497),
(102, 'Quarteirao 51', 4498),
(102, 'Quarteirao 52', 4499),
(102, 'Quarteirao 53', 4500),
(102, 'Quarteirao 54', 4501),
(102, 'Quarteirao 55', 4502),
(103, 'Quarteirao 1', 4503),
(103, 'Quarteirao 2', 4504),
(103, 'Quarteirao 3', 4505),
(103, 'Quarteirao 4', 4506),
(103, 'Quarteirao 5', 4507),
(103, 'Quarteirao 6', 4508),
(103, 'Quarteirao 7', 4509),
(103, 'Quarteirao 8', 4510),
(103, 'Quarteirao 9', 4511),
(103, 'Quarteirao 10', 4512),
(103, 'Quarteirao 11', 4513),
(103, 'Quarteirao 12', 4514),
(103, 'Quarteirao 13', 4515),
(103, 'Quarteirao 14', 4516),
(103, 'Quarteirao 15', 4517),
(104, 'Quarteirao 1', 4518),
(104, 'Quarteirao 1A', 4519),
(104, 'Quarteirao 2', 4520),
(104, 'Quarteirao 3', 4521),
(104, 'Quarteirao 4', 4522),
(104, 'Quarteirao 5', 4523),
(104, 'Quarteirao 6', 4524),
(104, 'Quarteirao 7', 4525),
(104, 'Quarteirao 8', 4526),
(104, 'Quarteirao 9', 4527),
(104, 'Quarteirao 10', 4528),
(104, 'Quarteirao 11', 4529),
(104, 'Quarteirao 12', 4530),
(104, 'Quarteirao 13', 4531),
(104, 'Quarteirao 14', 4532),
(104, 'Quarteirao 15', 4533),
(104, 'Quarteirao 16', 4534),
(104, 'Quarteirao 17A', 4535),
(104, 'Quarteirao 17B', 4536),
(104, 'Quarteirao 18', 4537),
(104, 'Quarteirao 19', 4538),
(104, 'Quarteirao 20', 4539),
(104, 'Quarteirao 21', 4540),
(104, 'Quarteirao 22', 4541),
(104, 'Quarteirao 23', 4542),
(104, 'Quarteirao 24', 4543),
(104, 'Quarteirao 26', 4544),
(104, 'Quarteirao 27', 4545),
(105, 'Quarteirao 1', 4546),
(105, 'Quarteirao 2', 4547),
(105, 'Quarteirao 3', 4548),
(105, 'Quarteirao 4', 4549),
(105, 'Quarteirao 5', 4550),
(105, 'Quarteirao 6', 4551),
(105, 'Quarteirao 7', 4552),
(105, 'Quarteirao 8', 4553),
(105, 'Quarteirao 9', 4554),
(105, 'Quarteirao 10', 4555),
(105, 'Quarteirao 11', 4556),
(105, 'Quarteirao 12', 4557),
(106, 'Quarteirao 1', 4558),
(106, 'Quarteirao 2', 4559),
(106, 'Quarteirao 3', 4560),
(106, 'Quarteirao 4', 4561),
(106, 'Quarteirao 5', 4562),
(106, 'Quarteirao 6', 4563),
(106, 'Quarteirao 7', 4564),
(106, 'Quarteirao 8', 4565),
(106, 'Quarteirao 9', 4566),
(106, 'Quarteirao 10', 4567),
(106, 'Quarteirao 11', 4568),
(106, 'Quarteirao 12A', 4569),
(106, 'Quarteirao 12B', 4570),
(106, 'Quarteirao 13', 4571),
(106, 'Quarteirao 14A', 4572),
(106, 'Quarteirao 14B', 4573),
(106, 'Quarteirao 15A', 4574),
(106, 'Quarteirao 15B', 4575),
(106, 'Quarteirao 15C', 4576),
(106, 'Quarteirao 15D', 4577),
(106, 'Quarteirao 16A', 4578),
(106, 'Quarteirao 16B', 4579),
(107, 'Quarteirao 1', 4580),
(107, 'Quarteirao 2', 4581),
(107, 'Quarteirao 3', 4582),
(107, 'Quarteirao 4', 4583),
(107, 'Quarteirao 5', 4584),
(107, 'Quarteirao 6A', 4585),
(107, 'Quarteirao 6B', 4586),
(107, 'Quarteirao 7', 4587),
(107, 'Quarteirao 8', 4588),
(107, 'Quarteirao 9', 4589),
(107, 'Quarteirao 10', 4590),
(107, 'Quarteirao 11', 4591),
(108, 'Quarteirao 1', 4592),
(108, 'Quarteirao 2', 4593),
(108, 'Quarteirao 3', 4594),
(108, 'Quarteirao 4', 4595),
(108, 'Quarteirao 5', 4596),
(108, 'Quarteirao 6', 4597),
(108, 'Quarteirao 7', 4598),
(108, 'Quarteirao 8', 4599),
(108, 'Quarteirao 9', 4600),
(108, 'Quarteirao 10', 4601),
(108, 'Quarteirao 11', 4602),
(108, 'Quarteirao 12', 4603),
(108, 'Quarteirao 13', 4604),
(108, 'Quarteirao 14', 4605),
(108, 'Quarteirao 15', 4606),
(108, 'Quarteirao 16', 4607),
(108, 'Quarteirao 17', 4608),
(108, 'Quarteirao 18', 4609),
(108, 'Quarteirao 19', 4610),
(108, 'Quarteirao 20', 4611),
(108, 'Quarteirao 21', 4612),
(108, 'Quarteirao 22', 4613),
(108, 'Quarteirao 23', 4614),
(108, 'Quarteirao 24', 4615),
(108, 'Quarteirao 25', 4616),
(108, 'Quarteirao 26', 4617),
(108, 'Quarteirao 27', 4618),
(108, 'Quarteirao 28', 4619),
(108, 'Quarteirao 29', 4620),
(108, 'Quarteirao 30', 4621),
(108, 'Quarteirao 31', 4622),
(108, 'Quarteirao 32', 4623),
(108, 'Quarteirao 33', 4624),
(108, 'Quarteirao 34', 4625),
(108, 'Quarteirao 35', 4626),
(108, 'Quarteirao 36', 4627),
(108, 'Quarteirao 37', 4628),
(109, 'Quarteirao 1', 4629),
(109, 'Quarteirao 2', 4630),
(109, 'Quarteirao 3', 4631),
(109, 'Quarteirao 4', 4632),
(109, 'Quarteirao 5', 4633),
(109, 'Quarteirao 6', 4634),
(109, 'Quarteirao 7', 4635),
(110, 'Quarteirao 1', 4636),
(110, 'Quarteirao 1A', 4637),
(110, 'Quarteirao 1B', 4638),
(110, 'Quarteirao 2', 4639),
(110, 'Quarteirao 2A', 4640),
(110, 'Quarteirao 2B', 4641),
(110, 'Quarteirao 2C', 4642),
(110, 'Quarteirao 3', 4643),
(110, 'Quarteirao 3A', 4644),
(110, 'Quarteirao 3B', 4645),
(110, 'Quarteirao 3C', 4646),
(110, 'Quarteirao 4', 4647),
(110, 'Quarteirao 4A', 4648),
(110, 'Quarteirao 4B', 4649),
(110, 'Quarteirao 4C', 4650),
(110, 'Quarteirao 5', 4651),
(110, 'Quarteirao 5A', 4652),
(110, 'Quarteirao 5B', 4653),
(110, 'Quarteirao 6', 4654),
(110, 'Quarteirao 6A', 4655),
(110, 'Quarteirao 6B', 4656),
(110, 'Quarteirao 6C', 4657),
(110, 'Quarteirao 7', 4658),
(110, 'Quarteirao 7A', 4659),
(110, 'Quarteirao 8', 4660),
(110, 'Quarteirao 8A', 4661),
(110, 'Quarteirao 8B', 4662),
(110, 'Quarteirao 8C', 4663),
(110, 'Quarteirao 8D', 4664),
(110, 'Quarteirao 8E', 4665),
(110, 'Quarteirao 9', 4666),
(110, 'Quarteirao 9A', 4667),
(110, 'Quarteirao 9B', 4668),
(110, 'Quarteirao 9C', 4669),
(110, 'Quarteirao 23', 4670),
(110, 'Quarteirao 33', 4671),
(110, 'Quarteirao 34', 4672),
(110, 'Quarteirao 35', 4673),
(110, 'Quarteirao 36', 4674),
(110, 'Quarteirao 37', 4675),
(110, 'Quarteirao 38', 4676),
(110, 'Quarteirao 39', 4677),
(110, 'Quarteirao 40', 4678),
(111, 'Capitine Sede', 4679),
(111, 'Cumane Gimo', 4680),
(111, 'Malhacule', 4681),
(112, 'Chichacha', 4682),
(112, 'Herois Moçambicanos', 4683),
(112, 'Chichuco-sede', 4684),
(112, 'Guarrimbene', 4685),
(112, 'MBanhel', 4686),
(112, 'Chichachanduco', 4687),
(112, 'Muchapo', 4688),
(112, 'Magolene', 4689),
(112, 'Chipene', 4690),
(112, 'Chovane', 4691),
(112, 'Mananga', 4692),
(112, 'Mapiana', 4693),
(113, 'Chicutso Sede', 4694),
(113, 'Manjangue', 4695),
(113, 'Quetxene', 4696),
(114, 'Chivonguine Sede', 4697),
(114, 'Mafufine', 4698),
(114, 'Mucombo', 4699),
(114, 'Mucota', 4700),
(114, 'Mugingi', 4701),
(114, 'Gumbene', 4702),
(114, 'Pfundluine', 4703),
(115, 'Bairro 1', 4704),
(115, 'bairro 2', 4705),
(115, 'Bairro 3', 4706),
(115, 'bairro 4', 4707),
(116, 'Bobe', 4708),
(116, 'Macubulane Sede', 4709),
(116, 'Movane', 4710),
(116, 'Tlemo', 4711),
(116, 'Zindonga', 4712),
(117, 'Bairro 1', 4713),
(117, 'Bairro 2', 4714),
(117, 'Bairro 3', 4715),
(117, 'Bairro 4', 4716),
(117, 'Bairro 5', 4717),
(118, 'Chimonhane', 4718),
(118, 'Chimuine', 4719),
(118, 'Daniel Chivure', 4720),
(118, 'Djavanguane', 4721),
(118, 'Gumbene', 4722),
(118, 'Macucule', 4723),
(118, 'Mahel sede', 4724),
(118, 'Mambodzene', 4725),
(119, 'Bairro 1', 4726),
(119, 'Bairro 2', 4727),
(119, 'Bairro 3', 4728),
(119, 'Inhadlophu', 4729),
(119, 'Mbhoxini', 4730),
(120, 'Marule Sede', 4731),
(120, 'Mulhavane', 4732),
(120, 'Mbenguelene', 4733),
(121, 'Mawandla 1', 4734),
(121, 'Cuamula', 4735),
(121, 'Ungubana 1', 4736),
(121, 'Ungubana 2', 4737),
(121, 'Matchabe Sede', 4738),
(121, 'Facazissa Massango', 4739),
(121, 'Facazissa', 4740),
(121, 'Chobela', 4741),
(121, 'Facazissa Mulambo', 4742),
(121, 'Massivekela', 4743),
(121, 'Chibelane', 4744),
(121, 'Mbangare', 4745),
(121, 'Nwafecule', 4746),
(121, '25 de Junho', 4747),
(122, 'Chicossane', 4748),
(122, 'Matsandzane_sede', 4749),
(122, 'Mbacane', 4750),
(122, 'Messa', 4751),
(123, 'Duco Madjevenguane', 4752),
(123, 'Duco Muchangawume', 4753),
(123, 'Hacamene', 4754),
(123, 'Hungucha', 4755),
(123, 'Machequecheque', 4756),
(123, 'Moine Sede', 4757),
(123, 'Nguinhane', 4758),
(123, 'Simbi', 4759),
(124, 'Bairro 1', 4760),
(124, 'Bairro 2', 4761),
(124, 'Bairro 3', 4762),
(124, 'Bairro 4', 4763),
(124, 'Chicaene', 4764),
(124, 'Chipfundlanine', 4765),
(124, 'Maganjane', 4766),
(124, 'Mboene', 4767),
(124, 'Nwanote', 4768),
(125, 'Bairro 2', 4769),
(125, 'Bairro 3', 4770),
(125, 'Bairro 4', 4771),
(125, 'Buzi', 4772),
(125, 'Chalate', 4773),
(125, 'Chissanguane (Mwassecula)', 4774),
(125, 'Chitsoveque', 4775),
(125, 'Mulelemane-Sede (Bairro 1)', 4776),
(126, 'Chitsotsuanine', 4777),
(126, 'Muguduine', 4778),
(126, 'Mwambjana Sede', 4779),
(127, 'Nhuane A', 4780),
(127, 'Massingue', 4781),
(127, 'wacanhe A', 4782),
(127, 'Nhuane B', 4783),
(127, 'wacanhe B', 4784),
(127, 'Muchangane', 4785),
(127, 'Chiacane', 4786),
(127, 'Tlongane', 4787),
(127, 'Xikwembo', 4788),
(128, 'Chibelane', 4789),
(128, 'Hungucha', 4790),
(128, 'Magundzulane', 4791),
(128, 'Munhuana', 4792),
(128, 'Pontia Sede', 4793),
(129, 'Bairro 1', 4794),
(129, 'Bairro 2', 4795),
(129, 'Chicotiva', 4796),
(129, 'Mawandla 2', 4797),
(129, 'Ricatlana', 4798),
(130, 'Chicutso Sede', 4799),
(130, 'Manjangue', 4800),
(130, 'Quetxene', 4801),
(131, 'Daniel Chivure', 4802),
(131, 'Chimonhane', 4803),
(131, 'Chimuine', 4804),
(131, 'Djavanguane', 4805),
(131, 'Gumbene', 4806),
(131, 'Macucule', 4807),
(131, 'Mahel sede', 4808),
(131, 'Mambodzene', 4809),
(132, 'Capitine Sede', 4810),
(132, 'Cumane Gimo', 4811),
(132, 'Malhacule', 4812),
(133, 'Bairro 1', 4813),
(133, 'Bairro 2', 4814),
(133, 'Bairro 3', 4815),
(133, 'Inhadlophu', 4816),
(133, 'Mbhoxini', 4817),
(134, 'Chicossane', 4818),
(134, 'Matsandzane_sede', 4819),
(134, 'Mbacane', 4820),
(134, 'Messa', 4821),
(135, 'Marule Sede', 4822),
(135, 'Mulhavane', 4823),
(135, 'Mbenguelene', 4824),
(136, 'Bairro 1', 4825),
(136, 'Bairro 2', 4826),
(136, 'Bairro 3', 4827),
(136, 'Bairro 4', 4828),
(136, 'Chicaene', 4829),
(136, 'Maganjane', 4830),
(136, 'Mboene', 4831),
(136, 'Chipfundlanine', 4832),
(136, 'Nwanote', 4833),
(137, 'Chitsotsuanine', 4834),
(137, 'Muguduine', 4835),
(137, 'Mwambjana Sede', 4836),
(138, 'Chibelane', 4837),
(138, 'Hungucha', 4838),
(138, 'Magundzulane', 4839),
(138, 'Munhuana', 4840),
(138, 'Pontia Sede', 4841),
(139, 'Chivonguine Sede', 4842),
(139, 'Mafufine', 4843),
(139, 'Mucombo', 4844),
(139, 'Mucota', 4845),
(139, 'Mugingi', 4846),
(139, 'Gumbene', 4847),
(139, 'Pfundluine', 4848),
(140, 'Chiacane', 4849),
(140, 'Massingue', 4850),
(140, 'Muchangane', 4851),
(140, 'Nhuane A', 4852),
(140, 'Nhuane B', 4853),
(140, 'Tlongane', 4854),
(140, 'wacanhe A', 4855),
(140, 'wacanhe B', 4856),
(140, 'Xikwembo', 4857),
(141, 'Buna', 4858),
(141, 'Mirrone', 4859),
(141, 'Primeiro Bairro', 4860),
(141, 'Quarto Bairro', 4861),
(141, 'Quinto Bairro', 4862),
(141, 'Segundo Bairro', 4863),
(141, 'Setimo Bairro', 4864),
(141, 'Sexto Bairro', 4865),
(141, 'Terceiro Bairro', 4866),
(142, 'Primeiro Bairro', 4867),
(142, 'Segundo Bairro', 4868),
(142, 'Terceiro Bairro', 4869),
(142, 'Quarto Bairro', 4870),
(142, 'Quinto Bairro', 4871),
(142, 'Xikwembo', 4872),
(143, 'Bairro 1', 4873),
(143, 'Bairro 2', 4874),
(143, 'Bairro 1A', 4875),
(143, 'Bairro 4', 4876),
(143, 'Bairro 1B', 4877),
(143, 'Bairro 6', 4878),
(143, 'Bairro 7', 4879),
(143, 'Eduardo Mondlane', 4880),
(143, 'Oitavo Congresso', 4881),
(143, 'Bairro 1C', 4882),
(143, 'Bairro 5A', 4883),
(143, 'Bairro 5C', 4884),
(143, 'Bairro 3A', 4885),
(143, 'Bairro 3B', 4886),
(143, 'Bairro 3C', 4887),
(143, 'Mananza', 4888),
(144, 'Primeiro Bairro', 4889),
(144, 'Segundo Bairro', 4890),
(144, 'Terceiro Bairro', 4891),
(144, 'Quarto Bairro', 4892),
(144, 'Quinto Bairro', 4893),
(144, 'Sexto Bairro', 4894),
(144, 'Setimo Bairro', 4895),
(144, 'Oitavo Bairro', 4896),
(145, 'Checua-Sede', 4897),
(145, 'Bambene', 4898),
(145, 'Chipuco', 4899),
(145, 'Mahila', 4900),
(145, 'Maunio', 4901),
(145, 'Marrumabana', 4902),
(145, 'Munguine', 4903),
(145, 'Munhangue', 4904),
(145, 'Ngovo', 4905),
(145, 'Pondzoene', 4906),
(146, 'Chichongue-Sede', 4907),
(146, 'Bassane', 4908),
(146, 'Chiau', 4909),
(146, 'Mahumana', 4910),
(146, 'Massingue', 4911),
(146, 'Mpalane', 4912),
(146, 'Sianine', 4913),
(146, 'Ussiwanine', 4914),
(146, 'Xinguiwene', 4915),
(147, 'Lagoa Pate- Sede', 4916),
(147, 'Chicavale', 4917),
(147, 'Chiquate', 4918),
(147, 'Lhamalane', 4919),
(147, 'Mabui', 4920),
(147, 'Macawa', 4921),
(147, 'Mahavane', 4922),
(147, 'Matlhombe', 4923),
(147, 'Mobana', 4924),
(147, 'Nhacane', 4925),
(147, 'Tchetcha', 4926),
(148, 'Bairro 2', 4927),
(148, 'Bairro 3', 4928),
(148, 'Bairro 4 (Mabue)', 4929),
(148, '1 de Maio', 4930),
(148, 'Bairro 1', 4931),
(148, 'Bairro 4 (Madjedje)', 4932),
(149, 'Bairro 5', 4933),
(149, 'Bairro 6', 4934),
(149, 'Bairro 7', 4935),
(150, 'Macandzene', 4936),
(150, 'Phafene', 4937),
(150, 'Chirindza', 4938),
(150, 'Bairro 1', 4939),
(150, 'Bairro 2', 4940),
(150, 'Bairro 3', 4941),
(150, 'Barrica', 4942),
(150, 'Mussuto', 4943),
(150, 'Bunhe', 4944),
(150, 'Dluane', 4945),
(150, 'Pateque', 4946),
(151, 'Bairro 1', 4947),
(151, 'Bairro 2000', 4948),
(151, 'Matchovana', 4949),
(151, 'Bairro 2', 4950),
(151, 'Bairro 3', 4951),
(151, 'Bairro 4', 4952),
(151, 'Macenzele', 4953),
(151, 'Pembe', 4954),
(152, 'Bairro Central', 4955),
(152, 'Primeiro Bairro', 4956),
(152, 'Segundo Bairro', 4957),
(152, 'Terceiro Bairro', 4958),
(152, 'Quarto Bairro', 4959),
(152, 'Quinto Bairro', 4960),
(152, 'Sexto Bairro', 4961),
(152, 'Setimo Bairro', 4962),
(152, 'Chibututuine', 4963),
(152, 'Kambeve', 4964),
(152, 'Malungana', 4965),
(152, 'Mangavilane', 4966),
(152, 'Rihondzo', 4967),
(153, 'Aerodromo', 4968),
(153, 'Chafutene', 4969),
(153, 'Chibucutso', 4970),
(153, 'Cofe', 4971),
(153, 'Machecane', 4972),
(153, 'Manhica Sede', 4973),
(153, 'Mitilene', 4974),
(153, 'Mulembja', 4975),
(153, 'Nhambi', 4976),
(153, 'Ribangua', 4977),
(153, 'Tsa Tse', 4978),
(154, 'Matlhotlho', 4979),
(154, 'Machambutana', 4980),
(154, 'Chihenhice (Chiculo)', 4981),
(154, 'Macone', 4982),
(154, 'Mwaligueremba', 4983),
(154, 'Pamene', 4984),
(155, '9 de Fevereiro', 4985),
(155, 'Buna', 4986),
(155, 'Chitloranine', 4987),
(155, 'Sambo-Mulombe', 4988),
(155, 'Ncondzoene', 4989),
(155, 'Filipe Samuel Magaia', 4990),
(155, 'Gungufala', 4991),
(155, 'Massevene B', 4992),
(155, 'Nguenhene', 4993),
(155, 'Nhavamba', 4994),
(155, 'Novo Chibandza', 4995),
(155, 'Velho Ngonhamane', 4996),
(155, 'Wenela', 4997),
(155, 'Chinhamane', 4998),
(156, 'Eduardo Mondlane', 4999),
(156, 'Linha Ferrea', 5000),
(156, 'Massivene A', 5001),
(156, 'Novo Nogonhamane', 5002),
(157, 'Machubo sede', 5003),
(157, 'Macandza', 5004),
(158, 'Matimane', 5005),
(158, 'Mucize', 5006),
(159, 'Hobjane', 5007),
(159, 'Macaneta 1', 5008),
(159, 'Macaneta 2', 5009),
(159, 'Mbengelene', 5010),
(159, 'Mbuva', 5011),
(159, 'Xefinas', 5012),
(160, 'Mapulango', 5013),
(160, 'Zintava', 5014),
(160, 'Muntanhane', 5015),
(160, 'Fifitine', 5016),
(160, 'Pussulana', 5017),
(161, 'Ndiche', 5018),
(161, 'Samora Machel', 5019),
(161, 'Matalane', 5020),
(161, 'Nhomgonhane', 5021),
(161, 'Npazimane', 5022),
(162, 'Mali', 5023),
(162, 'Mateque', 5024),
(162, 'Cumbeza', 5025),
(162, 'Agostinho Neto', 5026),
(162, 'Ricatla', 5027),
(162, 'Abel Jafar', 5028),
(162, 'Guava', 5029),
(162, '4 de Outubro', 5030),
(162, '15 de Agosto', 5031),
(162, 'Momemo 1', 5032),
(163, 'Gimo Hocosse', 5033),
(163, 'Bobole', 5034),
(163, 'Cumbene', 5035),
(164, 'Massinga', 5036),
(164, 'Vila Sede', 5037),
(164, '29 de Setembro', 5038),
(164, 'Mikanhine', 5039);

-- --------------------------------------------------------

--
-- Estrutura da tabela `regioes`
--

CREATE TABLE `regioes` (
  `id` int(10) UNSIGNED NOT NULL,
  `nome` varchar(255) COLLATE utf8mb4_unicode_ci NOT NULL
) ENGINE=InnoDB DEFAULT CHARSET=utf8mb4 COLLATE=utf8mb4_unicode_ci;

--
-- Extraindo dados da tabela `regioes`
--

INSERT INTO `regioes` (`id`, `nome`) VALUES
(1, 'Norte'),
(2, 'Centro'),
(3, 'Sul');

--
-- Índices para tabelas despejadas
--

--
-- Índices para tabela `bairros`
--
ALTER TABLE `bairros`
  ADD PRIMARY KEY (`id`),
  ADD KEY `bairros_localidade_id_foreign` (`localidade_id`);

--
-- Índices para tabela `distritos`
--
ALTER TABLE `distritos`
  ADD PRIMARY KEY (`id`),
  ADD KEY `distritos_provincia_id_foreign` (`provincia_id`);

--
-- Índices para tabela `localidades`
--
ALTER TABLE `localidades`
  ADD PRIMARY KEY (`id`),
  ADD KEY `localidades_posto_id_foreign` (`posto_id`);

--
-- Índices para tabela `postos`
--
ALTER TABLE `postos`
  ADD PRIMARY KEY (`id`),
  ADD KEY `postos_distrito_id_foreign` (`distrito_id`);

--
-- Índices para tabela `provincias`
--
ALTER TABLE `provincias`
  ADD PRIMARY KEY (`id`),
  ADD KEY `provincias_regiao_id_foreign` (`regiao_id`);

--
-- Índices para tabela `quarteiroes`
--
ALTER TABLE `quarteiroes`
  ADD PRIMARY KEY (`id`),
  ADD KEY `povoado_aldeia_zona_unidade_bairro_id_foreign` (`bairro_id`);

--
-- Índices para tabela `regioes`
--
ALTER TABLE `regioes`
  ADD PRIMARY KEY (`id`);

--
-- AUTO_INCREMENT de tabelas despejadas
--

--
-- AUTO_INCREMENT de tabela `bairros`
--
ALTER TABLE `bairros`
  MODIFY `id` int(10) UNSIGNED NOT NULL AUTO_INCREMENT, AUTO_INCREMENT=165;

--
-- AUTO_INCREMENT de tabela `distritos`
--
ALTER TABLE `distritos`
  MODIFY `id` int(10) UNSIGNED NOT NULL AUTO_INCREMENT, AUTO_INCREMENT=16;

--
-- AUTO_INCREMENT de tabela `localidades`
--
ALTER TABLE `localidades`
  MODIFY `id` int(10) UNSIGNED NOT NULL AUTO_INCREMENT, AUTO_INCREMENT=70;

--
-- AUTO_INCREMENT de tabela `postos`
--
ALTER TABLE `postos`
  MODIFY `id` int(10) UNSIGNED NOT NULL AUTO_INCREMENT, AUTO_INCREMENT=26;

--
-- AUTO_INCREMENT de tabela `provincias`
--
ALTER TABLE `provincias`
  MODIFY `id` int(10) UNSIGNED NOT NULL AUTO_INCREMENT, AUTO_INCREMENT=12;

--
-- AUTO_INCREMENT de tabela `quarteiroes`
--
ALTER TABLE `quarteiroes`
  MODIFY `id` int(10) UNSIGNED NOT NULL AUTO_INCREMENT, AUTO_INCREMENT=5040;

--
-- AUTO_INCREMENT de tabela `regioes`
--
ALTER TABLE `regioes`
  MODIFY `id` int(10) UNSIGNED NOT NULL AUTO_INCREMENT, AUTO_INCREMENT=4;

--
-- Restrições para despejos de tabelas
--

--
-- Limitadores para a tabela `bairros`
--
ALTER TABLE `bairros`
  ADD CONSTRAINT `bairros_localidade_id_foreign` FOREIGN KEY (`localidade_id`) REFERENCES `localidades` (`id`);

--
-- Limitadores para a tabela `distritos`
--
ALTER TABLE `distritos`
  ADD CONSTRAINT `distritos_provincia_id_foreign` FOREIGN KEY (`provincia_id`) REFERENCES `provincias` (`id`);

--
-- Limitadores para a tabela `localidades`
--
ALTER TABLE `localidades`
  ADD CONSTRAINT `localidades_posto_id_foreign` FOREIGN KEY (`posto_id`) REFERENCES `postos` (`id`);

--
-- Limitadores para a tabela `postos`
--
ALTER TABLE `postos`
  ADD CONSTRAINT `postos_distrito_id_foreign` FOREIGN KEY (`distrito_id`) REFERENCES `distritos` (`id`);

--
-- Limitadores para a tabela `provincias`
--
ALTER TABLE `provincias`
  ADD CONSTRAINT `provincias_regiao_id_foreign` FOREIGN KEY (`regiao_id`) REFERENCES `regioes` (`id`);

--
-- Limitadores para a tabela `quarteiroes`
--
ALTER TABLE `quarteiroes`
  ADD CONSTRAINT `povoado_aldeia_zona_unidade_bairro_id_foreign` FOREIGN KEY (`bairro_id`) REFERENCES `bairros` (`id`);
COMMIT;

/*!40101 SET CHARACTER_SET_CLIENT=@OLD_CHARACTER_SET_CLIENT */;
/*!40101 SET CHARACTER_SET_RESULTS=@OLD_CHARACTER_SET_RESULTS */;
/*!40101 SET COLLATION_CONNECTION=@OLD_COLLATION_CONNECTION */;
